1564	Thank you very much!	1472056	Grandmercé !
1619	May I talk to Ms. Brown?	1143021	E podi parlar a Dauna Brown ?
1622	What do you want?	1120059	De qué volètz ?
1622	What do you want?	1120061	De qué vòus ?
1712	I have a headache.	1129705	Qu'èi mau de cap.
2089	He's sleeping like a baby.	1118263	Que drom com un nenet.
2370	Enjoy your meal!	1039616	Bon apetit !
5944	Tell me about it!	1132017	Parla me'n d'aquò !
15779	You'll come to like her.	1133936	Vas aprénguer a l'aimar.
15838	You ought to thank him.	1134849	Que't caleré lo mercejar.
15950	You ran a red light.	1134850	Ès passat au rotge.
16104	You were late for work.	1134861	Ès arribat tròp tard au tribalh.
16122	You must do your best.	1134847	Que't cau hèr çò de melhor.
16161	You'd better not go.	1129674	Que't caleré n'i anar pas.
16246	Will you stay at home?	1133911	E vas demorar a casa ?
16246	Will you stay at home?	1133912	E vatz demorar a casa ?
16263	What do you want to be?	1143003	De qué vòus estar ?
16268	What woke you up?	1141802	De qué t'a deishudat ?
16274	What do you like?	1141781	De qué t'agrada ?
16274	What do you like?	1141782	De qué vos agrada ?
16317	You'd better consult the doctor.	1157513	Te caleré melhor consultar lo mètge.
16492	What are you doing?	1131964	Va plan ?
16926	Your hair is too long.	1134852	As lo pèu tròp long.
16997	When is your birthday?	1131995	Quan ei lo ton aniversari ?
17110	Where are your things?	1141818	On as las atrunas ?
17125	What do you do?	1131964	Va plan ?
18099	I bought a pair of shoes.	1142972	Qu'èi crompat un parelh de cauçaduras.
18224	Is it possible to take a shuttle bus from the airport to the hotel?	1035510	Es possible de prénguer una naveta de l'aeropòrt a l'ostalaria ?
18527	Do you want to be rich?	1143004	E vòus estar ric ?
18531	I wish I were rich.	1034734	M'agradaré d'estar ric.
19092	The church clock gains three minutes a week.	1034499	La campana de la glèisa abança de tres minutas de mei cada setmana.
19349	Do you like fish?	1141836	T'agrada lo peish ?
19349	Do you like fish?	1141837	T'agrada lo pesquit ?
19459	I want a quart of milk.	1143005	Vòli un quart de lèit.
19745	You had better hurry. The train leaves at three.	1100682	Que't caleré melhor t'amanejar. Lo trin s'avia a tres oras.
20131	What's your shoe size?	1141752	Quina ei la toa puntura de cauçadura ?
20134	What's your home address?	1129676	Quau ei la toa adreça postau ?
20666	I'll do it with pleasure.	1036300	Ac farèi amb plaser.
20743	Did you get your wish?	1129690	As agut çò qui volèvas ?
21003	I want something sweet.	1129695	Vòli quauquarren de sucrat.
21495	A man who has never gone to school may steal from a freight car, but if he has a university education, he may steal the whole railroad.	1153536	Un òmi qui n'ei pas estat a l'escòla pòt panar d'un vagon de mercandisas, mès se a ua educacion universitària, va panar tot lo camin de hèr.
21543	When is school over?	1131994	Quan s'acaba l'escòla ?
21847	Can I sleep out?	1036753	E podi dromir dehòra ?
21938	I want to go abroad.	1143006	Vòli me n'anar a l'estrangèr.
22861	We found him alive.	1130615	L'am trobat vivent.
22912	We ought to win.	1141734	Deverém ganhar.
22978	We need more workers.	1131938	Qu'am besonh de mei de tribalhaires.
23145	We had a rough time.	1133902	Qu'am passat mautemps.
23936	Won't you have some fruit?	1133920	Volètz pas un pauc de hruta ?
23936	Won't you have some fruit?	1133921	Vòus pas un pauc de hruta ?
23942	You seem to like fruit.	1134853	Que sembras aimar la hruta.
24426	What is the price?	1141793	Quin prètz ?
24559	When was it finished?	1131997	Quan s'acabè ?
24573	What time is dinner?	1131983	A quina ora ei lo disnar ?
24674	What did you buy?	1141758	De qué as crompat ?
24674	What did you buy?	1141759	De qué atz crompat ?
24676	What are you reading?	1131966	De qué leges ?
24687	What should I eat?	1141796	De qué me cau minjar ?
24692	What should I bring?	1141795	De qué me cau portar ?
24693	What did you make?	1141760	De qué hascós ?
24693	What did you make?	1141761	De qué hascotz ?
24706	What do you mean?	1141783	De qué vòs díser ?
24706	What do you mean?	1141784	De qué volètz díser ?
24759	What do you want to do?	1143007	De qué vòus hèr ?
24844	What do I have?	1141777	De qué èi ?
24986	What's it made from?	1141747	En qué ei hèit ?
25020	Tell me what you want.	1129698	Diga'm çò qui vòs.
25049	I want something to read.	1143008	Vòli quauquarren de léger.
25058	What is the news?	1141791	Quina navèra ?
25068	We want something new.	1131950	Que volem quauquarren de navèth.
25129	We ought to be ready for whatever comes.	1035524	Nos cau estar prèsts per tota escadença.
25158	What is going on?	1131971	De qué se passa ?
25192	I want something to drink.	1143009	Vòli quauquarren de beure.
25217	What did Bell invent?	1131968	De qué inventè lo Bell ?
25235	What is over there?	1131975	De qué i a acerà ?
25283	What do you suggest?	1131969	De qué suggerisses ?
25741	Please pass me the salt.	1134876	Passa'm la sau, te prègui.
25741	Please pass me the salt.	1134877	Passatz-me la sau, vos prègui.
25918	The speaker tried to incite the people to rebellion.	1036339	Lo parlaire ensagèc de honhar lo monde a la susmauta.
26397	I wish I could swim.	1129691	M'agradaré de saber nadar.
26407	The swimmer raised his head and gasped for breath.	1171268	Lo nadaire que lhevè lo cap e cerquè aire.
26452	Was the movie good?	1130600	Èra plan, lo filme ?
26855	We prayed for rain.	1141736	Qu'am pregat entà que plavi.
26971	I wish the rain would stop.	1142994	M'agradaré que la ploja s'estanquèsse.
27067	Turn to the right.	1141676	Vira a man dreta.
27067	Turn to the right.	1141677	Viratz a man dreta.
27670	Won't you come with me?	1133917	Vas vénguer dab jo ?
27670	Won't you come with me?	1133918	Vatz vénguer dab jo ?
27675	Would you play with me?	1133931	Volètz har au jòc dab jo ?
27829	I want to sing a song.	1143010	Vòli cantar ua cançon.
28001	What'd the doctor say?	1131954	De qué digó lo mètge ?
28006	What did he say?	1036402	De qué a dit ?
28187	Two seats were vacant.	1130597	Dus sètis èran vueits.
28487	You should stay in bed.	1134857	Que't cau demorar au lheit.
28935	I prefer traveling by train to flying.	1035647	Preferi viatjar per trin que non pas volar.
29011	I wanted to go there.	1143011	Qu'i vòli anar.
30375	I wish I were taller.	1142995	M'agradaré d'estar mei gran.
30437	I wish I were younger.	1142996	M'agradaré d'estar mei joen.
30442	I wish we had more time.	1142997	M'agradaré qu'avóssem mei dinèrs.
30504	I want a lot more.	1129700	Vòli hèra mei.
30617	If it were not for books, life would be boring.	1036703	Se los líbers n'existivan pas, la vida seré avegiva.
31144	It's midnight already.	1143038	Qu'ei dejà miejanueit.
31268	I'll think about it.	1132043	I vau pensar.
31268	I'll think about it.	1132044	I vau soscar.
31348	We have no time.	1141717	N'am pas temps.
31403	You can go home now.	1134842	Podes tornar tà casa adara.
31497	Try it once again.	1130586	Essaja un còp de mei.
31522	Please show me another one.	1120038	Vos prègui, muishatz-me un aute.
31649	I don't want any more.	1143012	Ne'n vòli pas mei.
31683	It's already seven.	1143035	Que son dejà sèt oras.
32105	We all like cycling.	1130606	La bicileta que'ns agrada a totis.
32644	Is it still raining?	1129731	E plau enqüèra ?
8110392	Oh, my God!	2658927	Boun Dieù !
33746	Hawking went back to his studies.	1061316	Hawking que's tornèc aus estudis.
33784	Henry wants to see you.	1143013	L'Enric que't vòu véser.
33829	We got dead drunk.	1141713	Qu'èm bandats a clau.
34097	Thank you for your present.	1035633	Mercés per ton present.
34707	You'll have a hard time.	1133937	Vas passar mautemps.
34896	When Peter got up, Jean had already left home.	1036749	Quan lo Pèir se lhevèc, lo Joan avèva dejà deishat l'ostau.
35234	Where's the bus stop?	1141816	On ei l'estanc de bus ?
35243	What's the bus fare?	1141749	Quin còsta lo bus ?
36019	What should I say?	1141797	De qué me cau díser ?
36037	What a beautiful flower!	1120080	Quina bera flor !
36313	What's beside the desk?	1131955	De qué i a còsta lo burèu ?
36405	Why are you crying?	1134883	Pr'amor ploras ?
36810	What fruit do you want?	1061335	Quina hruta vòs ?
36989	Tom was also there.	1130584	Lo Tòm qu'èra aquiu tanben.
37006	Tom is very kind.	1130580	Lo Tòm qu'ei plan brave.
37015	Tom likes to knit.	1134982	Au Tòm que l'agrada brocar.
37025	Tom was so careless as to leave his camera in the bus.	1036353	Lo tòm èra tan desgovernat que's deishèc l'aparelh fòto hens lo bus.
37028	Tom has collected a great many butterflies.	1157555	Lo Tòm qu'a amassat un gran nombre de parpalhòus.
37035	Tom knocked him down.	1134979	Lo Tòm que l'ensuquè.
37065	Tom is getting better.	1143078	Lo Tòm que's melhora.
37069	Tom can run fast.	1134967	Lo Tòm que cor viste.
37071	Tom broke the window.	1130575	Lo tòm qu'a copat la hinèstra.
37086	Tom likes hot curry.	1130581	Lo Tòm qu'aima lo currí hòrt.
37096	Tom lost his job.	1134985	Lo Tòm que's perdó lo tribalh.
37098	Tom drove the car.	1134972	Lo Tòm que miava la veitura.
37098	Tom drove the car.	1134974	Lo Tòm que miè la veitura.
37174	Tom hurt himself.	1170737	Lo Tòm s'ei hèit mau.
37231	Tom runs very fast.	1130583	Lo Tòm que cor hèra viste.
37238	Tom can't play tennis.	1130576	Lo Tòm ne sap pas hèr au tenís.
37243	Tom doesn't like cheese.	1130577	Au Tòm ne l'agrada pas lo hromatge.
37297	Tom walked Kate home.	1134988	Lo Tòm qu'a acompanhat a la Kate tà casa.
37358	Tom's speech was excellent.	1143075	Lo devís deu Tòm qu'èra excellent.
37367	Tom has many talents.	1143076	Lo Tòm qu'ei talentuós.
37370	Tom and I are friends.	1133900	Lo Tòm e jo que sèm amics.
37390	Will you go with Tom?	1133907	I vas anar dab lo Tòm ?
37510	Which dictionary did you refer to?	1134882	A quin diccionari hès referéncia ?
37571	What are the symptoms?	1131960	Quins son los simptòmas ?
37709	Tony's voice is nice.	1130585	La votz deu Tòm qu'ei beròia.
37926	You may choose whichever book you like.	1129640	Podes causir lo líber que vòs.
37981	You may choose whichever you want.	1129631	Podes causir lo que vòs.
37992	Take whichever you want.	1143015	Pren çò que vòus.
38007	Tell me which you want.	1129701	Diga'm qui vòs.
38037	What should I see?	1141799	De qué me cau véser ?
38082	Where can I park?	1141820	On me podi aparcar ?
38104	Where do you want to go?	1143017	On vòus anar ?
38219	What's wrong with me?	1141751	De qué m'arriba ?
39000	I opened the door and saw two boys standing side by side.	1174368	Que dobriscoi la pòrta e que vesoi dus gojats apitats tòc a tòc.
39148	Turn off the TV.	1130592	Estupa lo hinestron.
39148	Turn off the TV.	1130593	Estupatz lo hinestron.
39220	Turn down the television.	1130588	Baisha lo hinestron.
39515	Come as soon as possible.	1100768	Veng lo mei lèu possible.
39830	I met your father just now.	1191289	Qu'acabi d'encontrar lo ton pair.
39890	At last, I completed my work.	1903189	Ai fin finala acabat lo meu trabalh.
39956	I have a slight fever.	1142974	Qu'èi drin de hrèbe.
40137	Just as I went to go out, it began to rain.	1157599	Just quan sortiscoi, que comencè de plàver.
41846	I would like to see it.	1142976	M'agradaré d'ac véser.
41905	Let it be done at once.	1034458	Que sia fèit de tira.
41952	Those are not your chairs.	1133898	Ne son pas las vòstas cadièras.
41972	Those books are mine.	1134961	Aqueths líbers que son mens.
42008	Those flowers have died.	1130569	Aqueras flors que's moriscón.
42103	Those are my trousers.	1130568	Que son las meas bragas.
42781	When does it begin?	1131990	Quan comença ?
42803	It's not worth much.	1141827	Ne vau pas tròp lo còp.
43211	What does it mean?	1141770	De qué vòu díser ?
44474	What's in the box?	1141746	De qué i a hens la caisha ?
47421	Those children are cheerful.	1143073	Aqueths dròlles que son gaujós.
47461	He is in poor health.	1169152	Qu'ei en maishanta santat.
49242	The singer is famous not only in Japan but also in Europe.	1034505	Lo cantaire n'es pas conegut sonque au Japon, mès tamben en Euròpa.
49581	The rumor isn't true.	1142975	La rumor qu'ei faussa.
49981	She wept when she heard the terrible news.	1174393	Que plorè quan ausiscó la tarribla novèla.
50863	Will you take me there?	1133914	E'm podètz miar aquiu ?
50863	Will you take me there?	1133916	E'm podes miar aquiu ?
50869	Will you please go there?	1133909	Anatz-i, vos prègui.
51271	I'm not at all tired.	1129708	Ne soi pas brica cansat.
51276	This chair is ugly.	1130533	Aquera cadièra qu'ei lèda.
52078	We'll begin work soon.	1130601	Vam començar lèu lo tribalh.
53051	This shower is broken.	1143069	Aquera doisha qu'ei copada.
53116	Jack played a dirty trick on me.	1035743	Lo Jack m'a colhonat.
53116	Jack played a dirty trick on me.	1035744	Lo Jack m'a jogat un torn de pipaut.
53772	What did Jean make?	1141754	De qué hascoc Jean ?
54468	I wish you good luck.	1129692	Que't desiri bona escaduda.
54908	I'll give you anything but this.	1129635	Que't balharèi tot lhevat aquò.
55399	This is a book.	1129757	Qu'ei un líber.
55418	This isn't for sale.	1130550	Aquò n'ei pas per vénder.
55424	This is her book.	1134914	Qu'ei lo son líber.
55425	This is her pen.	1134916	Qu'ei lo son estilo.
55437	This is their house.	1134924	Qu'ei lo lor ostau.
55484	This is a road map.	1133881	Qu'ei ua mapa deus camins.
55500	This is too long.	1134926	Qu'ei tròp long.
55509	This is a map.	1134907	Qu'ei ua mapa.
55511	This is too short.	1134928	Qu'ei tròp brac.
55535	This is too big.	1134925	QU'ei tròp gròs.
55569	This is excellent wine.	1143059	Aquò qu'ei vin deus suberbons.
55573	This is a small book.	1133882	Qu'ei un líber deus petits.
55579	This is a very important meeting. You ought not to miss it.	1061334	Qu'ei ua amassada hèra importanta. Que't caleré la mancar pas.
55597	This is homemade jam.	1130541	Qu'ei ua confitura hèita a casa.
55600	This is based on fact.	1133883	QU'ei aparat sus hèits.
55617	This is my bicycle.	1143061	Qu'ei la mea bicicleta.
55621	This isn't my bag.	1130551	Aquò n'ei pas lo men sac.
55622	This is my desk.	1134921	Qu'ei lo men burèu.
55628	This is my bag.	1134918	Qu'ei lo men sac.
55733	This is an old book.	1133879	Qu'ei un líber ancian.
55738	This is a dog.	1134904	Qu'ei un can.
55738	This is a dog.	1134906	Es un gos.
55752	This is for you.	1134910	Qu'ei entà tu.
55752	This is for you.	1134912	Es per tu.
55769	This is a desk.	1129758	Qu'ei un burèu.
55794	This makes no sense.	1134933	Aquò ne vòu pas díser arren.
55826	This is Mary's dog.	1130544	Qu'ei lo can de la Maria.
55836	This is Mike's bicycle.	1143060	Qu'ei la bicicleta deu Mike.
55868	This is Tony's book.	1130552	Qu'ei lo líber deu Tòni.
55871	This is very good.	1130553	Qu'ei hèra bon.
55923	This is Jane's bag.	1134917	Qu'ei lo sac de la Jana.
55935	This is Kenji's chair.	1130543	Aquò qu'ei la cadièra de Kenji.
55976	This is your book.	1134929	Qu'ei lo vòste líbers.
56120	This is what I want.	1133887	Qu'ei çò que vòli.
56160	This is what he said.	1133884	Qu'ei çò que digó.
56205	This is my car.	1134920	Qu'ei la mea veitura.
56215	This is what I need.	1133886	Qu'ei çò qu'èi besonh.
56428	This rose is beautiful.	1143068	Aquera ròsa que'i suberbèla.
56499	This apple is bad.	1130523	Aquera poma n'ei pas bona.
56638	This gate needs painting.	1130539	Aquera cleda qu'a besonh d'estar pintrada.
56767	This wood won't burn.	1134956	Aquera husta ne brutla pas.
56789	This dream will come true.	1132052	Aqueth saunei que vatz vertadièr.
56864	This book is hers.	1120083	Aqueth líber qu'ei lo son.
56910	This book is new.	1120084	Aqueth líber qu'ei navèth.
56916	This book is small.	1120089	Aqueth líber qu'ei petit.
56922	This book is heavy.	1130528	Aqueth líber qu'ei pesuc.
56960	This book is old.	1120087	Aqueth líber qu'ei ancian.
57030	This book is sold here.	1132047	Aqueth líber que's ven aicí.
57063	This book is smaller.	1130530	Aqueth líber qu'ei mei petit.
57212	This wall feels cold.	1134952	Aquera pared qu'ei hreda.
57256	This story is true.	1130557	Aquera istòria qu'ei vertadiera.
57304	This room heats easily.	1143067	Aquera cramba que's cauha aisidament.
57307	This room is for rent.	1133888	Aquera cramba qu'ei per logar.
57325	This room is cramped.	1134939	Aquera cramba qu'ei estreta.
57451	This plane is his.	1134936	Aqueth avion qu'ei lo son.
57518	This box contains apples.	1143051	Aquera caisha que conteng pomas.
57524	This thin book is mine.	1133894	Aqueth líber prim qu'ei lo men.
57554	This meat cuts easily.	1143063	Aquera carn se trenca plan.
57556	This is good meat.	1134913	Qu'ei carn de las bonas.
57851	The climate of this town is so mild that the thermometer seldom rises to thirty degrees, even in midsummer.	1152992	Lo climat d'aquera vile ei tan doç que lo termomètre puja rarament dinc atrenta grads, quitament au bèth miei de l'estiu.
57890	This tea smells good.	1134946	Aqueth tè qu'auloreja.
58034	This window won't open.	1143072	Aquera hinèstra ne s'obrís pas.
58106	This stain won't come out.	1133891	Aqueth plap ne va pas tornar.
58297	This water tastes good.	1130562	Aquera aiga qu'a bon gost.
58372	This food is unhealthy.	1143056	Aquera mangiscla n'ei pas sanitosa.
58377	This food smells rotten.	1130538	Aquera mangiscla que pudís a poirit.
58558	This gun has a range of 300 meters.	1043353	Aquesta arma a ua portada de 300 mètres.
58709	This car needs washing.	1130531	Aquera veitura qu'a besonh d'estar lavada.
58728	This car is mine.	1129743	Aquera veitura qu'ei mea.
58729	This car sells well.	1134903	Aquera veitura que's ven plan.
58817	This turkey tastes good.	1130559	Aqueth polòi qu'a bon gost.
58914	This clock isn't working.	1143052	Aqueth arrelòtge ne marcha pas.
58914	This clock isn't working.	1143053	Aqueth arrelòtge ne fonciona pas.
58923	This watch is expensive.	1143071	Aquera montra qu'ei cara.
58929	This watch is broken.	1130561	Aquera mòstra qu'ei copada.
58971	This fact shows that he is honest.	1037722	Aqueste hèit muisha qu'ei aunèste.
58972	This fact shows that the earth goes round the sun.	1037723	Aqueste hèit muisha que la Tèrra vira a l'entorn deu sorèlh.
58973	This fact shows us that he is innocent.	1037725	Aqueste hèit que'ns muisha qu'ei inocent.
58975	This accident has nothing to do with me.	1037727	Aqueste accident n'a pas arren de véser dab jo.
58978	You are responsible for this accident.	1037728	Ètz responsable d'aqueste accident.
58979	There were a number of reasons for this accident.	1037729	I avèva mei d'ua rason ad aqueste accident.
58981	About one hundred people were killed in this accident.	1037730	Haut o baish mila personas estón tuadas en aqueste accident.
59021	This tooth is loose.	1134949	Aqueth caishau que bolega.
59112	This work doesn't pay.	1130564	Aqueth tribalh n'ei pas plan pagat.
59202	This magazine sells well.	1143062	Aqueth magazine se ven plan.
59351	This lake is deep.	1134932	Aqueth lac qu'ei pregon.
59367	This door won't lock.	1129751	Ne podèm pas clavar aquera pòrta.
59390	This word comes from Greek.	1133897	Aqueth mot que veng deu grèc.
59409	This silk feels smooth.	1134940	Aquera seda qu'ei doça.
59419	This dog is big.	1129748	Aqueste can qu'ei gròs.
59516	Something is wrong with this calculator.	1034449	I a quicòm que truca a sa calculadera.
59687	This fish smells bad.	1129754	Aqueth peish que pudís.
59689	This fish is big.	1129753	Aqueth peish qu'ei gròs.
59847	This desk is good.	1129746	Aqueste burèu qu'ei plan.
59851	This desk is mine.	1129747	Aqueste burèu qu'ei men.
59855	This desk is broken.	1130534	Aqueth burèu qu'ei copat.
59922	This amount includes tax.	1143049	Aquera soma qu'includís las taxas.
60072	This flower smells nice.	1130537	Aquera flor qu'auloreja.
60109	This song sounds sad.	1134943	Aquera cançon qu'ei trista.
60147	This house is mine.	1129755	Aqueth capèth qu'ei men.
60156	This house needs painting.	1130540	Aqueth ostau qu'a besonh d'estar pintrat.
60176	This house has six rooms.	1133873	Aqueth ostau qu'a shèis crambas.
60349	This apple is sweet.	1130526	Aquera poma qu'ei sucrada.
60374	This yogurt tastes strange.	1130565	Aqueth iogort qu'a un gost estranh.
60571	This blouse is cotton.	1130527	Aquera blosa qu'ei de coton.
60576	This wine tastes good.	1134953	Aqueth vin qu'ei saborós.
60603	This string is strong.	1134945	Aquera còrda qu'ei solida.
60749	This smell disgusts me.	1130556	Aquera aulor que'm hastia.
60753	This pear smells nice.	1134935	Aquera pera qu'auloreja.
60761	This knife cuts well.	1134931	Aqueth ganivet que trenca plan.
60817	This door won't shut.	1129752	Aquera pòrta ne's barra pas.
60820	This door won't open.	1130535	Aquera pòrta ne dobrís pas.
60822	This door is locked.	1129750	Aquera pòrta qu'ei clavada.
60863	This table is reserved.	1143070	Aquera taula qu'ei reservada.
60916	This tire needs some air.	1133895	Aqueth pneu qu'a besonh d'aire.
60937	Try on this sweater.	1130587	Essaja aqueth tricòt.
60940	This sweater is warm.	1130558	Aqueth tricòt qu'ei plan caud.
60967	This steak is too tough.	1133893	Aqueth bistèc qu'ei tròp tilhut.
60986	This soup needs more salt.	1133890	Aquera sopa qu'a besonh de mei de sau.
60995	This soup tastes good.	1134944	Aquera sopa qu'ei saborosa.
61097	You should keep it close.	1152991	Que t'ac caleré guardar barrat.
61131	This glass contains water.	1143057	Aqueth veire que conteng aiga.
61136	This coffee tastes bitter.	1143055	Aqueth cafè qu'ei amar.
61145	This coat is warm.	1129745	Aquera manta qu'ei cauda.
61148	This coat fits you.	1120092	Aquera manta que t'està plan.
61230	This bag is mine.	1120081	Aqueth sac qu'ei lo men.
61270	This doll has big eyes.	1132049	Aquera monaca qu'a uelhs deus grans.
61303	This engine works well.	1130536	Aqueth motor que marcha plan.
61484	This is my daughter.	1130549	Qu'ei la mea hilha.
61487	This is my cousin.	1130548	Qu'ei lo men cosin.
61498	This one is prettier.	1143066	Aqueth qu'ei mei beròi.
61614	This is a hospital.	1143058	Qu'ei un espitau.
61741	Write it down here, please.	1133934	Escriv'ac aquiu, te prègui.
61749	It has been three years since I came to live here.	1170712	Tres annadas que son passadas desempuish que vengoi viure aquí.
61842	Write down your name here.	1133932	Escriu lo ton nom aquiu.
61911	What's going on here?	1131956	De qué se passa aicí ?
62116	How long does it take to go from here to the Hilton Hotel?	1100713	Quan de temps aquò preng entad anar d'ací dinc a l'ostaleria Hilton ?
62426	What's Ken doing now?	1131957	De qué hè lo Ken adara ?
62462	Ken wants a bicycle.	1143018	Lo Ken vòu ua bicileta.
62487	What is Ken eating?	1131974	De qué minja lo Ken ?
62650	Won't you have some cake?	1133919	Volètz un pauc de pastís ?
62650	Won't you have some cake?	1133922	Vòus un pauc de pastís ?
63403	I want a guitar.	1129704	Que vòli ua guitarra.
63744	Turn off the gas.	1134993	Estupa lo gas !
63744	Turn off the gas.	1134995	Estupa lo gas.
63889	I wish I could help you.	1142998	M'agradaré de't poder ajudar.
64210	Won't you have some tea?	1133923	Vòus un pauc de tè ?
64210	Won't you have some tea?	1133924	Volètz un pauc fe tè ?
64215	If you put more tea leaves into the pot, the tea will taste better.	1034473	Se botas mei fuèlhas de tè dins lo topinòt, lo tè aurà un gost melhor.
64308	This is your fault.	1134930	Qu'ei la toa fauta.
64364	What's your daughter's name?	1131959	Quin s'apèra la vòsta hilha ?
65359	Yeah. I think so, too.	1133935	Tiò, qu'ac crèsi tanben.
65447	Please wish me luck.	1120058	Vos prègui, desiratz-me bona escaduda.
65981	When do you work?	1141809	Quan tribalhas ?
65989	When were you born?	1141814	Quan ès vasut ?
65997	When are you off?	1141803	Quan te'n vas ?
66004	When will you leave?	1141803	Quan te'n vas ?
66007	When does it end?	1141805	Quan s'acaba ?
66016	When will they arrive?	1131998	Quan arribaràn ?
66023	When do you want to go?	1143019	Quan vòus anar ?
66024	When was it built?	1141811	Quan estoc bastit ?
66037	When did you return?	1131988	Quan atz tornat ?
66182	We're ready to leave.	1130605	Sèm prèsts d'i anar.
66187	You may always use my dictionary.	1129665	Podes tostemps utilizar lo men diccionari.
66331	When did you arrive?	1131987	Quan arribètz ?
66695	We have good news.	1141716	Qu'am navèras de las bonas.
66769	I bought a good camera.	1120040	Qu'èi crompat un bon aparelh de fòtos.
66998	Those are their books.	1134960	Que son los lors líbers.
67002	Those are my books.	1134958	Que son los mens líbers.
67003	Those are my CDs.	1130567	Que son los mens discs sarrats.
67004	Those are our books.	1134959	Que son los nòstes líbers.
67007	Those books are theirs.	1134962	Aqueths líbers que son lors.
67012	Those photos are hers.	1130573	Aqueras fòtos que son las soas.
67014	Those flowers smell sweet.	1130571	Aqueras flors qu'aulorejan.
67015	Those houses are big.	1130572	Aqueths ostaus que son grans.
67019	Those apples are big.	1130566	Aqueras pomas que son gròssas.
67020	Those dogs are big.	1134965	Aqueths cans que son grans.
67056	This is my dog.	1134922	Qu'ei lo men can.
67056	This is my dog.	1134923	Es mon gos.
67506	The U.S. economy is in good health.	1191151	L'economia americana que's pòrta plan.
67740	The Amazon is fed by a large number of tributaries.	1157480	Amazòne qu'ei abeurada per un gran nombre d'afluents.
68379	We were younger then.	1131952	Qu'èram lavets mei joens.
68398	What's that tall building?	1131958	Quin ei aquera hauta bastida ?
68478	I want that bag.	1120064	Que vòli aquera saca.
68688	Try on that shirt.	1134989	Essaja aquera jupa.
68830	I wish you had been there.	1142999	M'auré agradat qu'i estósses.
68936	Do you really want it?	1143020	Vòus vertadierament aquò ?
69206	You will be laughed at.	1134863	Se van trufar de tu.
69236	Do you have a car?	1129670	Atz ua veitura ?
69236	Do you have a car?	1129672	As ua veitura ?
69291	Will you go with us?	1133908	Vas i anar dab nosautes ?
69341	You may as well come with me.	1129663	Poderés tanben vénguer dab jo.
69445	Would you like to go?	1133928	Vòus i anar ?
69445	Would you like to go?	1133929	Volètz i anar ?
69521	Are you a student?	1132040	Ès estudiant ?
69521	Are you a student?	1132041	Ètz estudiants ?
69589	What do you have?	1141779	De qué as ?
69589	What do you have?	1141780	De qué atz ?
69932	You may choose any of them.	1129652	Podes causir quau que sia d'eths.
70034	You must go at once.	1134848	Que't cau anar de tira.
70171	When are you busy?	1131984	Quan ès encuantat ?
70171	When are you busy?	1131985	Quan ès encuantada ?
70171	When are you busy?	1131986	Quan ètz encuentats ?
70172	When do you study?	1131991	Quan estudias ?
70178	When do you run?	1141806	Quan corres ?
70313	Did you read that thick book?	1143022	As lejut aqueth líber espés ?
70375	Your dreams have come true.	1134851	Los tons sauneis que son vasut vertadièrs.
70623	What is your name?	1087618	Quin t'apèras ?
70676	You may choose any book you like.	1129655	Podes causir llo líber que t'agrada.
71333	I will take care of you when you are old.	1170380	M'encuantarèi de tu quan seràs vielh.
71662	When will we arrive?	1132000	Quan arribaram ?
72069	Two ice creams, please.	1141681	Duas glaças, vos prègui.
236799	This book is yours.	1120090	Aqueth líber qu'ei lo ton.
237399	This room smells musty.	1130555	Aquera cramba que pudís au samarit.
237647	Will you go by train?	1133906	I vas anar en trin ?
238930	Nothing is more important than health.	1191021	N'i a pas arren mei important que la santat.
239135	Have you fed the dog?	1132016	As neurit lo can ?
240455	Taking a walk in the park, I was spoken to by an old couple.	1036409	En tot passejar peu parc, qu'estoi entercalhat per un vièlh coble.
241738	This will do for now.	1133896	Que harà l'ahar.
241821	I'm short of cash at the moment.	1157512	N'èi pas tròp de dinèrs en aqueste moment.
241956	This is the last game.	1130545	Qu'ei lo darrèr jòc.
241956	This is the last game.	1130546	Qu'ei la darrèra partida.
242080	I wish I were young.	1129694	Que volerí estar joen.
243113	This winter is warm.	1130563	Aqueth invèrn qu'ei doç.
243216	Today's dinner is fish.	1143074	Uei qu'am peish tà disnar.
243552	Turn to the left.	1134999	Vira a man esquèrra.
243584	We have no sugar.	1130619	N'am pas sucre.
243833	We go there often.	1130616	Que vam aquiu sovent.
244056	At first, Meg was homesick.	1036291	A la debuta, la Meg avèva lo mau de casa.
244637	I can't remember the meaning of the word that I looked up yesterday.	1191328	Ne'm brombi pas la significacion deu mot qui avèvi cercat ger au diccionari.
244775	What happened last night?	1131970	De que passó's anueit ?
244854	I slept well last night.	1132022	Anueit qu'èi plan dromit.
244979	It will become much warmer in March.	1034457	Va vénguer fòrça mei caud en març.
245738	The children were playing at keeping house.	1153019	Los dròlles que jogavan a l'ostau.
246120	The city dedicated a monument in honor of the general.	1035638	La vila a dedicat un monument en l'aunor deu generau.
247442	Welcome to our home.	1130626	Planvenguts en çò nòste.
247711	We buy CDs.	1141701	Compram dics sarrats.
247784	We are his sons.	1141700	Qu'èm los sons hilhs.
247909	We arrived home late.	1130610	Sèm tornats tard tà casa.
247911	We need some money.	1131939	Qu'am besonh de dinèrs.
248110	We won the match.	1141742	Qu'am ganhat l'encontre.
248110	We won the match.	1141744	Qu'am ganhat la partida.
248234	We were very tired.	1131951	Qu'èram hèra cansats.
248265	We chartered a bus.	1130612	Qu'am logat un bus.
248341	We all make mistakes.	1130607	Hèm totis dècas.
248390	We ate some apples.	1130611	Qu'am minjat uas pomas.
248427	We must work hard.	1141730	Que'ns cau tribalhar dur.
248786	We lost the game.	1141722	Qu'am perdut lo jòc.
248786	We lost the game.	1141723	Qu'am perdut la partida.
248907	We need fresh air.	1141732	Qu'am besonh d'aire hresc.
249007	We must leave early.	1131936	Que'ns cau partir de d'ora.
249158	We clapped our hands.	1141709	Qu'am trucat de las mans.
249254	We kept them quiet.	1130624	Que'us tengom tranquilles.
249270	We made him go.	1141726	Que l'am hèit partir.
249284	We found her a wise lady.	1170768	L'am trobat sàvia dauna.
249287	We saw her dance.	1141738	Que l'am vista dançar.
249359	We traveled on foot.	1131949	Qu'am viatjat de pè.
249436	We talked until two.	1131944	Qu'am devisat dinc a duas oras.
249437	We got up at dawn.	1133901	Que'ns lhevem a las aubetas.
249493	We are good friends.	1141697	Qu'èm bons amics.
249592	We have two daughters.	1130620	Qu'am duas hlilhas.
251383	My son can read a clock.	1143033	Lo men hilh que sap léger l'ora.
251387	My son is not a snob.	1143025	Lo men hilh n'ei pas esnòb.
251644	My father likes tennis.	1143028	Que l'agrada au men pair lo tennís.
251738	My father drinks daily.	1143029	Lo men pair que beu cada jorn.
251835	My mother loves music.	1143026	La mea mair qu'aima la musica.
251872	Turn toward me, please.	1130595	Vira't de cap a jo, que't prègui.
252575	I have to finish the work by four o'clock.	1036270	Cau qu'agi acabat lo tribalh a quate oras.
253768	I love comedies.	1129721	Qu'aimi las comedias.
254551	I stared at the man.	1132025	Qu'èi claverat los uelhs sus l'òmi.
255080	I like tennis.	1120069	M'agrada lo tennís.
255986	I have seen her before.	1129734	Ne l'avèva pas vista abans.
256094	I stayed home all day.	1132026	Que demorèi a casa lo jorn sancèr.
257165	I was hit by the policeman.	1036680	Èri trucat peu policièr.
257168	I felt a light touch on my shoulder.	1157570	Que sentiscoi un lèuger contacte sus la mea espatla.
258059	We did it ourselves.	1130613	Que l'am hèit nosautes medish.
258469	Will you please help me?	1133910	Ajudatz-me, vos prègui.
258905	I like swimming.	1120070	M'agrada nadar.
259003	I am from Shizuoka.	1129642	Que soi de Shizuoka.
259233	I'm proud of my son.	1129716	Que soi fièr deu men hilh.
259442	I came to Japan from China.	1176668	Me did venir a Japon fro China.
259719	I love Hitomi.	1129723	Qu'aimi Hitomi.
259738	I walked alone.	1120065	Que caminèi solet.
259900	I worked on a farm.	1132032	Qu'èi tribalhat a la bòrda.
262287	I got up so an old man could sit in my seat.	1100706	Que'm lhevèi entà deishar un vielh prénguer la mea plaça.
262338	Nor am I.	1134887	Jo tampauc.
262659	We have finished lunch.	1130618	Qu'am acabat lo disnar.
262696	We are sorry we can't help you.	1034683	Sèm desolat de vos poder pas ajudar.
262698	We depend on you.	1131934	Que depenèm de tu.
262813	They were playing tennis.	1143045	Qu'èran a hèr tennís
262866	We all like him.	1141696	Que l'aimam totis.
262914	We saw nothing strange.	1131941	Ne vesèm pas arren d'estranh.
262943	We may be late for school.	1129661	Podèm estar en retard a l'escòla.
262958	We're in a hurry.	1130603	Que ns'amanejam.
263005	We took turns driving.	1131947	Qu'am miat au torn.
263068	We love our children.	1131935	Qu'aimam los nòstes dròlles.
263075	We want a car.	1141740	Que volèm ua veitura.
263185	We play on Sunday.	1131940	Que jogam lo dimenge.
263232	We call him Mike.	1141705	Que l'aperam Mike.
263236	We made him cry.	1141724	Que l'am hèit plorar.
263247	We sang for her.	1141737	Qu'am cantat entad era.
263255	We looked for her.	1141720	Que l'am cercada.
263273	We started to walk.	1131942	Que comencèm de caminar.
263273	We started to walk.	1131943	Que ns'encaminèm.
263348	Paper burns quickly.	1036679	Lo papèr brutla lèu.
263941	Time is running out.	1130574	Lo temps ei acabat adara.
263985	We have enough time.	1130617	Qu'am pro de temps.
264201	May I have your next dance?	1170705	M'autrejatz la dança qui veng ?
265406	I wish I had a car.	1143000	M'agradaré d'aver ua veitura.
265457	Will you drive me home?	1133904	E'm pòrtas tà casa ?
265910	There's nothing to be done about it.	1060308	N'i a pas arren de hèr entad aquò.
265931	Wash your hands well.	1141691	Lava't las mans de plan.
265931	Wash your hands well.	1141693	Lavatz-vos las mans de plan.
266120	Drink less and sleep more.	1132015	Bèu mensh e drom mei.
266387	All's well that ends well.	1132004	Tot va plan que s'acaba plan.
266916	It was a little too muggy for spring.	1036266	Èra un pauc tròp gohorós per la prima.
267611	Will you take a check?	1133913	Prenguètz los chècs ?
267695	Will you give me some?	1133905	Me'n balhas un pauc ?
268773	Where's the dining car?	1132001	On ei la veitura-restaurant ?
269582	You should tell the truth.	1134858	Que't caleré díser la vertat.
3286750	In the beginning God created the heaven and the earth.	1100297	A la debuta Diu que hascoc lo cèu e la tèrra.
270100	One should wash oneself.	1132018	Cadun se deveré lavar.
271185	Because people in the world don't speak the same language, much effort is now devoted to translation.	1036351	Pr'amor que lo monde sus tèrra parla pas la medisha lenga, hèra eforç qu'ei consacrat a l'arrevirada.
272887	The teacher explained the meaning of the word to us.	1040773	Lo regent que'ns expliquèc la significacion deu mot.
273051	The teacher permitted him to go home.	1169204	Lo professor que'u permetó de tornar tà casa.
273660	A good citizen obeys the laws.	1057140	Un bon ciutadan aubedís la lei.
273934	Hope you'll have a wonderful birthday.	1036719	Espèri qu'auràs un aniversari esmiraglant !
274406	I'd like to see my son.	1143031	M'agradaré de véser lo men hilh.
274428	My son can't count yet.	1129718	Lo men hilh ne sap pas enqüèra comptar.
275879	The President is usually accompanied by his wife when he goes abroad.	1034442	Lo president es de costuma acompanhat per sa femna quan se'n va a l'estrangèr.
275992	I will look the other way.	1170691	Qu'espiarèi de l'aute costat.
278258	We are not amused.	1130608	Aquò ne'ns hè pas arríde's.
278501	The garden is still in shadow.	1191301	Lo casau qu'ei enqüèra a l'ombra.
278653	We caught the thief.	1141707	Qu'em gahat lo panaire.
278936	The weather became warm.	1153497	Lo temps que vasó caud.
278936	The weather became warm.	1153499	Lo temps que's hascó caud.
279153	Turn off the light.	1134996	Estupa lo lum.
279258	I was eating lunch when the phone rang.	1174358	Qu'èri a minjar quan lo telefòne tindè.
280019	The food isn't very good here.	1174371	La mangiscla n'ei pas hèra bona aquí.
280089	When does it arrive?	1131989	Quan arriba ?
281155	Write in the date yourself.	1133933	Escriu la data tu medish.
281845	We'll meet on Sunday.	1130602	Que ns'encontraram diumenge.
283292	He hasn't come yet.	1129685	N'ei pas enqüèra arrivat.
283339	He wrote to me yesterday.	1120052	M'a escrit ger.
283345	Have you heard from him?	1129682	As ausit parlar d'eth ?
283352	He acted as our guide.	1142993	Qu'a hèit lo nòste gavidaire.
283412	We don't care what he does.	1142992	Ne'ns trufam de çò qui hè.
283417	What do you think he did?	1142991	De qué pensas qu'a hèit ?
283422	I don't care what he does.	1142989	Me'n foti de çò qui hè.
283422	I don't care what he does.	1142990	Me'n trufi de çò qui hè.
283431	Do you know what he said?	1142987	Sabes çò qu'a dit ?
283431	Do you know what he said?	1142988	Sabètz çò qu'a dit ?
283445	He broke into a house.	1142986	Que s'arroncèc dens l'ostau.
283456	He sang a song.	1120056	Que cantèc ua cançon.
283487	We heard him come downstairs.	1142985	Que l'èi ausit devarar.
283489	Did you see him go out?	1142984	L'as vist sortir ?
283515	Please wait till he comes back.	1142983	Que't prègui, ateng dinc a que torne.
283534	He was elected chairman.	1120051	Qu'estoc elegit president.
283609	What he said is not true.	1142982	Çò qui digoc n'ei pas vertadièr.
283618	Do you believe what he said?	1120050	E creses çò qu'a dit ?
283619	I remember what he said.	1120048	Que'm brombi çò que digoc.
283642	I wish he were here now.	1143001	M'agradaré qu'estosse ací adara.
283746	I saw him looking at me.	1120047	Que l'èi vist que m'espiava.
283751	He came to my rescue.	1142981	Que m'ei vengut ajudar.
283828	I saw him wash the car.	1142980	L'èi vist qui lavava la veitura.
283829	He guaranteed my debt.	1143042	S'ei portat guarant entà jo.
283847	I heard him go out.	1129679	Que l'èi ausit sortir.
283914	I hope that he will succeed.	1120045	Espèri que va s'i escàder.
283953	There is no hope of his being alive.	1035592	N'i a pas d'esper que sia vivent.
283959	Where was he born and raised?	1142979	On èra nascut e eslhevat ?
284002	He sent me a birthday card.	1120044	M'a enviat ua carta d'anniversari.
284035	He must have missed the train.	1142978	Qu'aurà mancat lo trin.
285156	I hope he hasn't had an accident.	1191145	Espèri que n'a pas agut un accident.
286824	His new novel is worth reading.	1036757	Lo son roman navèth vau la pena d'estar lejut.
287184	I cannot agree to his proposal.	1035615	Podi pas estar d'acòrd amb sa perpausicion.
287637	What is his name?	1141789	Quin ei son nom ?
287637	What is his name?	1141790	Quin s'apèra ?
287965	Is he American?	1143034	Ei american ?
288572	He came at about four o'clock.	1170379	Qu'ei arribat haut o baish a quate oras.
290571	He represented the labor union on the committee.	1191276	Que representava lo sindicat au comitat.
290900	He mentioned the incident to his wife.	1170716	Que mencionè l'incident a la soa hemna.
291405	He wasn't silly enough to tell that story before her.	1035569	N'èra pas tan pèga au punt de condar aquesta istòria dabans d'ela.
291629	He raised his hand to stop a taxi.	1061344	Que lhevèc la man entad estancar un taxi.
291665	He decided to quit smoking.	1129646	Qu'a decidit de deishar de fumar.
293496	He lives in comfort.	1129730	Que viu confortablament.
293585	He broke up the chair for firewood.	1191275	Que copèc la cadiera entà hèr buscalha.
293670	He went by me without a single word.	1174382	Que m'arribè shens un sol mot.
293679	He listened very carefully in order not to miss a single word.	1157587	Qu'am escotat de plan entà ne pas mancar un sol mot.
294312	What is he doing?	1131973	De qué hè ?
294323	What is he after?	1131972	De qué vòu ?
294672	He was walking toward the sea.	1036543	Que caminava de cap a la mar.
296546	Now he is recognized as one of the most promising writers.	1157603	Adara qu'ei reconegut coma l'un deus autors mei prometedís.
298151	He kept me waiting.	1129729	M'a deishat aténguer.
298380	He arrived in time.	1129711	Qu'ei arribat a l'ora.
298435	He may be on the next train.	1129659	Que serà suu trin qui veng.
299453	He gave me not only advice but also money.	1191298	Ne m'a pas balhat sonque conselhs mès tanben dinèrs.
299909	He had decided on a new policy.	1129634	A decidit de miar ua politica navèra.
300640	He asked his teacher several questions.	1191051	Que pausèc uas questions au professor.
301586	He used to have bread for breakfast.	1153006	De costuma que minjava un pan per l'esdejuar.
305255	They were mostly women.	1143044	Que'èran majament hemnas.
305377	They went to Tottori.	1129737	Qu'anguén tà Tottori.
305514	They don't always obey their parents.	1129638	N'aubedisson pas tostemps aus pairs.
306226	What are they doing?	1131961	De qué hèn ?
306428	They will never agree.	1143047	Seràn pas jamei d'acòrd.
306608	They got married last fall.	1034470	Se son maridats la devarada passada.
306627	They started early for fear they should miss the first train.	1036367	S'avièn de d'ora de paur de mancar lo trin.
306818	They married when they were young.	1129666	Que's maridèn quan èran joens.
308241	We heard her cry.	1141718	Que l'am ausida plorar.
308847	I wish I had seen her.	1143002	M'auré agradat de la véser.
309638	She has short hair.	1100264	Ela a lo pèu brac.
309638	She has short hair.	1100265	Ela a lo pèu cort.
310274	Is she your sister?	1132021	Ei la toa sòr ?
310506	When was she born?	1141813	Quan ei vasuda ?
310987	Will she get well soon?	1133903	E va remete's lèu ?
311873	What does she do?	1131973	De qué hè ?
312243	She still loved him.	1120066	Que l'aima enqüèra.
312551	She lives in an apartment alone.	1170695	Que demòra soleta en un apartament.
312812	What does she have?	1141773	De qué a ?
314869	She has something in her hand.	1061326	Qu'a quauquarren a la man.
315531	She put her head out of the window.	1035567	S'es botat lo cap defòra de la finèstra.
317375	She is going to France next week.	1170799	Se'n va tà França la setmana qui veng.
317686	They were watching television.	1143046	Qu'èran ad espiar la television.
319015	My father smokes.	1120068	Lo men pair que fuma.
319163	Father objected to my going to the mountain alone.	1157546	Lo pair n'èra pas d'acòrd qu'angui sol a la montanha.
319252	My father is in his room.	1120042	Lo men pair qu'ei a la soa cramba.
319337	Father is busy putting up a wall.	1170778	Lo pair qu'ei encuentat a bastir ua murralha.
320193	Wait in line, please.	1141683	Cordeja, que't prègui.
320193	Wait in line, please.	1141690	Cordejatz, vos prègui.
320646	My mother forgot to add salt to the salad.	1174367	La mea mair que's desbrombè de hornir sau a la salada.
320879	My mother cooks well.	1129712	La mea mair que cosina plan.
321439	It's no use asking me for money.	1060317	Ne servís pas d'arren de'm demandar dinèrs.
321526	Walk ahead of me.	1130598	Camina dabans de jo.
322004	When can we eat?	1141804	Quan poderèm minjar ?
323809	Turn off the alarm.	1130591	Estupa lo deishudader.
324918	Would you like to dance?	1133926	Volètz dançar ?
324918	Would you like to dance?	1133927	Vòus dançar ?
324986	You may bring whoever wants to come.	1129657	Podes miar totis los qui volon.
325130	You will have to study harder next year.	1174343	Que't calerà estudiar mei dur l'an qui veng.
325191	We must keep calm.	1141727	Que'ns cau demorar tranquilles.
325767	You are a good cook.	1133939	Ès un bon cosinèr.
326232	The train just left.	1141825	Lo trin acaba de se n'anar.
326232	The train just left.	1141826	Lo trin acaba de partir.
326742	"How are things going?" "Terrific. Income and profit are continuing to rise steadily."	1034454	"Com se passa ?" "Fòrça plan. Lo revengut e lo profièit pujan regularament."
327406	Turn the volume up.	1130594	Puja lo son.
329301	I'm Japanese, but I don't live in Japan.	1036685	Soi japonés, mès ne demòri pas au Japon.
329684	This newspaper is free.	1143065	Aqueth jornau qu'ei a gratis.
348596	I'm pregnant.	1191318	Que soi embarassada.
370651	Where is the boy?	1039639	On ei lo gojat ?
370687	I love Arabic.	1129720	Qu'aimi l'arabe.
370703	Where are you from?	1141817	D'on vens ?
370710	What is your address?	1131978	Quina ei la vòsta adreça ?
370710	What is your address?	1131979	Quina ei la toa adreça ?
388578	She answered in tears.	1132010	Qu'arresponè, emplorida.
395829	I phoned my son before boarding the plane, telling him to come to the airport to pick me up.	1034440	Èi apelat lo men filh abans de pujar dins l'avion per li díser de me vénguer quérrer a l'aeropòrt.
400129	I must study.	1120075	Que'm cau estudiar.
400580	I'm practising judo.	1143037	Que hèi judò.
405494	Do you plan to go overseas?	1153495	As pervist d'anar a l'estrangèr ?
407578	It will probably snow tomorrow.	1061354	Probable que va nevar deman.
408877	A man lives not only his personal life, as an individual, but also, consciously or unconsciously, the life of his epoch and his contemporaries.	1035475	Un òmi viu pas sonque la soa vida personau com individu, mès tamben conscientament o inconscientament, la vida de la soa epòca e deus sons contemporanèus.
410634	This is all I know.	1133874	Ei tot çò qui sabi.
416891	What is the problem?	1131977	E qu'ei lo problèma ?
428402	What time is it?	1141800	Quina ora ei ?
432943	Mr Gorbachev, tear down this wall!	1174347	Sénher Gorbachev, desapitatz aquera murrallha !
433423	What did you say?	1141764	De qué as dit ?
433423	What did you say?	1141765	De qué digós ?
433423	What did you say?	1141766	De qué atz dit ?
433423	What did you say?	1141767	De qué digotz ?
434626	Do you speak Chinese?	1120037	Parlatz lo chinés ?
435747	I love parties.	1120074	Qu'aimi las hèstas.
436637	I have a pain in my chest.	1034455	Èi una dolor au piech.
445021	What are you cooking?	1099845	De qué cosinas ?
450175	I don't want to give myself false hopes.	1036538	Ne'm vòli pas balhar faus espèrs.
452809	I love apples.	1120072	Qu'aimi las pomas.
461204	What did she say?	1141756	De qué digoc ?
463306	This is my book.	1134919	Qu'ei lo men líber.
463308	This is my brother.	1117866	Qu'ei lo men hrair.
464546	What do you need?	1141787	De qué as besonh ?
464546	What do you need?	1141788	De qué atz besonh ?
464566	What does this mean?	1141770	De qué vòu díser ?
468010	He didn't know that.	1129725	N'ac sabèva pas.
469183	My father loves pizza.	1143027	Lo men pair qu'aima la pizza.
476587	This is my question.	1034008	Es la mea question.
476624	How many pennies does it take to make one pound?	1034160	Quants pennies te cal per far una liura ?
476633	We stayed at home because it was raining.	1034207	Sèm demorats a casa pr'amor que plavèva.
476638	We had to postpone the gathering because of rain.	1034217	Nos a calgut repossar l'amassada pr'amor de la pluèja.
476643	It'll cost about 10,000 yen.	1034232	Costarà haut o baish cent mila iens.
477186	My god is the greatest!	1057014	Mon diu ei lo mei gran !
480109	My job is to take care of the baby.	1174387	Lo men tribalh qu'ei encuentà's deu nenet.
485198	I got pregnant from the Finnish harpist that I told you about last night.	1170720	Que'm hascoi prénher peu harpista finés deu quau te parlèi anueit.
486986	No point in threatening me. I'll still tell you nothing.	1153527	Pas besonh de'm miaçar, ne't dirèi pas arren.
489425	Jessie's long hair was completely wet.	1169137	Lo long pèu de la Jessy èra sancerament molhat.
497115	My father drives to work.	1143032	Lo men pair que va au tribalh en veitura.
510213	Is Mother scolding the horse?	1036715	E Mamà polha lo shivau ?
514761	I am a tourist.	1100741	Que soi un torista.
516622	This book is mine.	1129741	Aqueth líber qu'ei lo men.
519311	It's almost six.	1120076	Serà lèu shèis oras.
521096	I want more.	3099850	En vòli mai.
521655	I like movies.	1174380	Los filmes que m'agradan.
523175	She's in the restroom.	1129678	Qu'ei aus comuns.
523271	He was very patient.	1142977	Qu'èra plan pacient.
525684	There's no mistake.	1120055	N'i a pas nada error.
525756	Don't put books on the table.	1120041	Ne hica pas líbers sus la taula.
527160	We grow wheat here.	1141715	Que cultivam blat ací.
533441	My love, I've finished cooking the food.	1061342	Mon amor, qu'èi acabat de còser lo minjar.
533867	I took a week off.	1132030	Qu'èi pres ua setmana de repaus.
541658	I live near her house, but I seldom see her.	1153033	Que demori còsta lo son ostau, mès la vesi rarament.
548539	Mike has two girlfriends.	1132034	Lo Mike qu'a duas amiguetas.
556605	His birthday is May 5th.	1143023	Lo son aniversari qu'ei lo 5 de mai.
556617	My daughter caught a cold.	1143024	La mea hilha qu'a gahat ua tehequèra.
557422	My father walks.	1120067	Lo men pair que camina.
558999	The dog is smart.	1120077	Lo can qu'ei intelligent.
561834	I want a friend.	1120078	Que vòli aver un maic.
563200	Come swing with me.	1134900	Veng t'agorrinar dab jo.
563201	Come swim with me.	1120079	Veng nadar dab jo.
563688	He's a fast walker.	1129727	Qu'ei rapide caminaire.
566994	I'm a policeman.	1129733	Soi policièr.
569342	This doesn't work!	1141823	Ne marcha pas.
569342	This doesn't work!	1141824	Ne fonciona pas.
569604	Are you going, too?	1132002	Tu tanben i vas ?
569604	Are you going, too?	1132003	Vosautes tanben i vatz ?
569605	Will you go, too?	1141821	I vas anar tanben ?
569669	A squid has ten legs.	1132006	Un chipiron a dètz camas.
570180	Do your homework now.	1132014	Hè los tons devers adara.
577813	Please stick out your tongue.	1132036	Muisha'm la lenga, que't prègui.
578794	I'll go by car.	1141829	I anarèi en veitura.
578927	She teaches English.	1132038	Qu'ensenha l'anglés.
578929	She burned her left hand.	1132039	S'ei cramada la man esquèrra.
582687	I washed my shirt.	1141830	Que'm soi lavat la camisa.
593226	I'm satisfied.	1141831	Que soi contentat.
593243	I don't like eggs.	1141833	Lo sueus ne m'agradan pas.
593278	He's now studying.	1134864	Qu'ei a estudiar adara.
593283	He's the oldest son.	1134868	Qu'ei lo hilh mei gran.
594511	What's your hobby?	1141834	Quin ei lo ton passatemps ?
594695	Do you like baseball?	1134872	T'agrada lo baseball ?
597950	Why did this happen?	1134875	Perqué aquò s'ei passat ?
604156	I have seen a star today.	1174356	Qu'èi vist ua vedeta uei.
613111	They went by subway.	1134880	Que son anats en metrò.
613455	Run for your life!	1141840	Tira qui pòt !
627067	I'll wait here until she comes.	1129649	Qu'atenguerèi aicí dinc a quan venguerà.
680523	The fish is in clear water.	1052590	Lo peish qu'ei en aiga clara.
681568	Oh, please, stop that noise!	1191291	Òu, que't prègui, deisha aqueth rambalh !
682322	Winning the election was a great victory for the candidate's political party.	1036288	Ganhar las eleccions èra una victòria de las bèras peu partit deu candidat.
687696	Which direction were they heading in?	1036377	En quina direccion anàvan ?
687696	Which direction were they heading in?	1036380	De cap a on anàvan ?
708123	This conference attracted 150 diplomats.	1157578	Aquera amassada qu'a hèit vénguer 150 diplomatas.
733755	Spring has passed and summer starts.	1034689	La prima es passada e l'estiu comença.
758416	My old English teacher is certainly rolling in her grave right now.	1153029	Lo men vièlh professor d'anglès dèu solide s'arrevirar dens la soa tomba.
778536	Signing off, gonna take a shower.	1036528	Qu'em desconecti, me'n vau prénguer ua docha.
880634	Are you helping Miss Hansson?	1036761	Ajudas Dauna Hansson ?
881861	I don't have a cat.	1034681	N'èi pas nat gat.
881861	I don't have a cat.	1045155	N'èi pas de gat.
887081	She didn't want him to go out with other women.	1036760	Era ne volèva pas que sortissi dab autas hemnas.
911164	Do you know what time they came?	1174373	Sabes a quina ora arribèn ?
911164	Do you know what time they came?	1174374	Sabètz a quina ora son arribats ?
936657	It's time to sleep.	1060304	Qu'ei l'ora de dromir.
950615	I discovered a very nice place today.	1129641	Qu'èi descobèrt uei un endret hèra agradiu.
953778	I'd like you to come early.	1035627	Volerí que venguosses de d'ora.
954353	The man, who had not eaten for three days, had trouble thinking about anything except food.	1174330	L'òmi qui n'a pas minjat desempuish tres dias, a problèmas entà pensar a quauquarren d'aute.
961569	Creating Tatoeba was a good idea.	1035561	Èra una bona idèia de crear Tatoeba.
971504	Tell them that there was someone here looking for them.	1035640	Ditz lor qu'i avèva quauqu'un aquí que los cercava.
1024435	Tom must be at least thirty years old.	1174388	Lo Tòm que dèu aver au mensh trenta ans.
1024731	Tom isn't a morning person.	1100749	Lo Tòm n'ei pas deu matin.
1026879	Tom can already play the drums better than I could at his age.	1061314	Lo Tòm que sap tutar la tusta mei plan que jo qu'ac podèvi a la soa edat.
1030659	If you want to be free, destroy your television set.	1034528	Se vòs estar liure, destrusís ton finestron.
1057176	The French word "amour" comes from the Occitan language through the troubadours, otherwise it would be "ameur".	1057166	Lo mot francés "amour" veng de l'occitan peus trobadors, se que non seré "ameur".
1057201	A female troubadour is usually called a trobairitz.	1057200	Ua hèmna trobador ei aperada de costuma ua trobairitz.
1058977	Don't try God's patience.	1099811	N'esprovatz pas la paciéncia de Diu.
1068125	Goodnight!	1424919	Bona nuèit.
1093079	Tom reloaded his gun.	1169155	Lo Tòm que's tornè cargar lo pistolet.
1103050	It's the police, perhaps we should get out of their way.	1170698	Vaquí la polícia, benlèu caleré que'ns sortèssem deu lor camin.
1103202	In the beginning God created the heavens and the earth.	1100297	A la debuta Diu que hascoc lo cèu e la tèrra.
1210860	I'm in Hong Kong right now.	1502922	Ara soi a Hong Kong.
1215976	In the beginning God created Heaven and Earth.	1100297	A la debuta Diu que hascoc lo cèu e la tèrra.
1399479	Burj Khalifa is currently the tallest skyscraper in the world.	1499880	Lo Burj Khalifa es ara un gratacèl mai naut del mond.
1562923	I washed the car.	1562929	Ai lavat ma veitura
1666312	Although I was exhausted, I continued to work.	1057107	Ja qu'estossi estadit, que contunhèi de tribalhar.
1788991	Andorra is a small principality situated between Spain and France.	2128149	Andòrra es un pichon principat, situat entre Espanha e França.
1879664	He turned off the light.	1903150	Atudèt la lutz.
454514	I think, therefore I am.	913650	Pensi, per consequéncia soi.
1194034	I'm not a doctor.	2784043	Ne soi pas mètge.
2639414	Bratislava is the capital of Slovakia.	1063226	Bratislava es la capitala d'Eslovaquia.
259705	I like to work.	3771266	M'agrada tribalhar.
253860	I like to play soccer.	3771416	M'agrada jogar al fotbòl.
281873	Sunday is the last day of the week.	1034219	Dimenge es lo darrèr jorn de la setmana.
3982160	Do you love your mother?	3982644	T'agrada toa mair?
3997871	The blue flower is small.	3997866	La flor blava es pichona.
244736	I was very tired last night.	1034278	Èro fòrça cansat aneit.
408293	What's your name?	1035541	Com t'apèlas ?
698895	Do you like this flower?	1099813	T'agrada aquera flor ?
355041	Happy birthday, Muiriel!	1041315	Bon aniversari, Muirièl !
1737416	Tom is generous and kind.	5232596	Tom e generoso e gentil.
5285996	The brother is writing.	5287761	Lo fraire escriu.
3446991	Tom is swimming in the river.	5287760	Tom nada dins la ribièra.
4132421	Tom goes swimming every day.	5287757	Tom nada a cada jorn.
1879664	He turned off the light.	5287735	Atudèt lo lum.
1194034	I'm not a doctor.	5287719	Soi pas mètge.
2647312	What's in here, Tom?	5502315	Buradaki nedir, Tom?
538123	Hi.	1174366	Adiu.
5531575	The apple is ripe.	5287756	La poma es madura.
3982160	Do you love your mother?	5287686	Aimatz vòstra maire ?
435084	Help!	5685291	Ajuda !
2272803	Tom is a friend.	5708705	Lo Tòm es un amic.
2294003	I believe in magic.	5760463	Cresi dens la magia.
2487060	I don't understand how she did that. That was a miracle.	5760470	Comprengui pas pr'amor as hèit aquò. Estoc un miracle.
372414	The sun is shining.	5873076	Lo sorèlh lusís.
887215	She hit him.	5873083	Era l'a trucat.
2682013	He bought her drinks.	5873096	L'a pagat begudas.
16249	You continue making the same mistakes time after time.	5873110	Contunhas de hèr las medishas errors tot lo temps.
16249	You continue making the same mistakes time after time.	5873111	Contunhas de hèr las medishas errors a cada còp.
2390826	I really don't want to talk about this.	5873144	Vòli vertadèrament pas parlar d'aquò.
2273992	You didn't seem certain.	5873150	Semblavas pas segur.
2273992	You didn't seem certain.	5873151	Semblava pas segura.
1253327	Screw the rules; I have money!	5876832	Me'n foti de las règlas, èi dinèrs !
1533262	What the hell kind of movie is this?	5876969	Qué hilh de puta de film es aquò ?
1054572	How many eggs were you able to get yesterday?	5876988	Quants ueus èras capable de recéber ièr ?
802208	They were too tired to fight.	5877022	Èran tròp cansats ende's bàter.
1834147	How did Tom know that Mary wouldn't be here?	5879902	Com sabèva lo Tòm que la Maria seré pas ací ?
1834147	How did Tom know that Mary wouldn't be here?	5879904	Com sabèva lo Tòm que la Maria estore pas ací ?
909071	It seems probable that the licentiousness ordinarily imputed to Sappho may be a calumny.	5879907	Es probable que lo gorinèr de costuma atribuït a Sappho sia pas que calomnia.
4013116	Tom's phone was confiscated by the teacher.	5879916	Lo telefonet deu Tòm estoc confiscat peu regent.
4013116	Tom's phone was confiscated by the teacher.	5879917	Lo telefonet deu Tòm estoc confiscat peu professor.
2245446	Everyone looks exhausted.	5880158	Tot lo monde sembla estadit.
37181	Tom arrived late at the station.	5926624	Lo Tòm arribèc en retard a la gara.
37308	Tom is as tall as his father.	5926648	Lo Tòm es tan gran com son pair.
264037	The clock is ten minutes slow.	5888326	Lo relòtge a dètz minutas de retard.
292410	Does he go to school by bus?	5902240	Va en bus a l'escòla ?
497997	No one could turn down their invitation.	5902234	Degun podèva pas refusar lor convit.
719911	One should give alms to the poor.	5891104	Caleré balhar l'aumoina au paure.
1025049	Tom is embarrassed by what he did.	5902280	Lo Tòm es vergonhós de çò qu'a hèit.
1199364	I hope you found something in the end.	5887985	Espèri qu'as trobat quicòm per la fin.
1476457	It's a shame.	5902227	Es una vergonha.
1991938	I see nothing wrong with it.	5902273	I vesi pas ren de marrit.
1991938	I see nothing wrong with it.	5902275	I vesi pas ren de mau.
3619162	I've been expecting your call.	5887973	Èi atengut ta telefonada.
3732307	I think you've been brainwashed.	5948350	Pensi qu'as subit un lavatge de cervèth.
3861611	Water is life.	5978169	L'aiga es vita.
3968259	Do you think Tom lied to us?	5888308	Pensas, que lo Tòm nos a mentit ?
5745386	You'd do the same thing.	5887996	Aurés hèit la medisha causa.
499689	Good afternoon.	6686978	Bon jorn !
449095	Do you drink coffee?	1170821	Bèus cafè ?
2234117	What's the news?	1141791	Quina navèra ?
3609897	Nervous? Me? No!	5631078	Nerviós ? Jo ? Non pas !
413731	One, two, three, four, five, six, seven, eight, nine, ten.	7918643	Un, dos, tres, quatre, cinc, sièis, sèt, uèch, nòu, dètz.
413731	One, two, three, four, five, six, seven, eight, nine, ten.	1079891	Un, dus, tres, quate, cinc, sheis, sèt, ueit, nau, dètz.
8034426	Those aren't your chairs.	1133898	Ne son pas las vòstas cadièras.
254038	I want to be a sport reporter.	1117909	Volerí vàser jornalista esportiu.
485560	What's the problem?	1131977	E qu'ei lo problèma ?
332180	I don't want to work.	5801695	Vòli pas trabalhar.
2269271	Didn't I say that?	5888006	L'èi pas dit ?
5080253	When did you first notice that Tom was missing?	5732215	Quan as remercat peu purmèr còp que mancava lo Tòm ?
3095216	Weren't you tired?	5711859	Èras pas cansat ?
750642	I was at the cinema.	1034506	Èri al cinèma.
8160451	Where is the restroom? To the left.	1036589	On son los comuns ? Ad esquèrra.
8830478	Where can I buy tickets to the theatre?	1042976	On podi crompar bilhets de teatre ?
3756562	Oh my God!	2658927	Boun Dieù !
3629674	I have to study mathematics.	8911225	Me cau estudiar las matematicas.
4091700	I have four children.	8911234	Èi quate dròlles.
2712764	You're responsible for this accident.	1037728	Ètz responsable d'aqueste accident.
325125	You'll have to study harder next year.	1174343	Que't calerà estudiar mei dur l'an qui veng.
3804626	It was midnight.	2252014	Èra mièjanuèch.
