2482	Tengo que irme a dormir.	5662	Tôi phải đi ngủ.
2483	¿Qué estás haciendo?	5663	Bạn đang làm gì đây?
2484	¿Qué es eso?	5664	Cái này là gì?
2485	¡Hoy es 18 de junio y es el cumpleaños de Muiriel!	5665	Hôm nay là ngày 18 tháng sáu, và cũng là ngày sinh nhật của Muiriel!
2486	¡Feliz cumpleaños, Muiriel!	5666	Chúc mừng sinh nhật, Muiriel!
2487	Ahora, Muiriel tiene 20 años.	5667	Bây giờ Muiriel được 20 tuổi.
2488	La contraseña es "Muiriel".	5668	Mật mã là "Muiriel".
2491	No tengo palabras.	5671	Tôi hết lời để nói.
2493	Simplemente no sé qué decir...	5673	Tôi không biết nên nói gì cả...
2494	Era un conejo malo.	5674	Đó là một con thỏ hung ác.
2495	Yo estaba en las montañas.	5675	Tôi từ trên núi xuống.
2496	¿Es una foto reciente?	5676	Tấm hình này có mới không?
2499	Todo el mundo debe aprender por sí mismo al final.	5677	Rốt cuộc, ai cũng phải tự học thôi.
2510	Me voy a esforzar por no molestarte en tus estudios.	5679	Tôi sẽ cố không quấy rầy bạn học hành.
2513	No te preocupes.	5680	Đừng lo.
2517	Deberías dormir.	5682	Bạn nên đi ngủ đi.
2525	Si el mundo no fuera como es, yo podría confiar en cualquiera.	5684	Nếu thế giới không như bây giờ, thì tôi có thể tin ai cũng được.
2525	Si el mundo no fuera como es, yo podría confiar en cualquiera.	407100	Nếu mà thế giới không như thế này, cái gì tôi cũng tin.
2526	Desafortunadamente es verdad.	5685	Tiếc rằng cái đó là sự thật.
2534	¡Ah, allí hay una mariposa!	5687	Ô kìa, con bươm bướm!
2535	¡Date prisa!	5688	Mau lên!
2537	Si yo pudiera ser así...	5689	Giá mà tôi cũng như vậy...
2539	Eso depende del contexto.	5690	Cái đó tùy thuộc vào văn cảnh.
2544	América es un lugar encantador para vivir, si estás aquí para ganar dinero.	5692	Sống ở Mỹ rất thích nếu là ở đây để kiếm tiền.
2545	Estoy tan gordo.	5693	Tôi mập quá.
2546	¿Entonces qué?	5694	Thì sao?
2547	Voy a pegarle un tiro.	5695	Tao sẽ bắn hạ nó.
2558	No tengo la intención de ser egoísta.	5697	Tôi không có ý định ích kỷ đâu.
2560	¿Cuántos amigos íntimos tienes?	5698	Bạn có bao nhiêu bạn thân?
2564	Uno siempre puede encontrar tiempo.	5700	Một người luôn luôn có thể kiếm thêm thì giờ.
2571	Si pudiera enviarte un malvavisco, Trang, lo haría.	5702	Nếu tôi có thể gửi Trang một cục marshmallow thì tôi sẽ gửi.
2577	Soy una persona que tiene muchos defectos, pero esos defectos pueden ser corregidos fácilmente.	5703	Tôi là người có nhiều thói xấu nhưng những thói xấu này có thể dễ dàng sửa.
2578	Cada vez que encuentro algo que me gusta, es demasiado caro.	5704	Hễ tôi kiếm được cái gì tôi thích thì nó lại đắt quá.
2585	Eso es intrigante.	5706	Cái đó nhìn hấp dẫn.
2598	A mi profesor de física no le importa si me salto las clases.	5707	Thầy vật lý không để ý đến việc lên lớp của tôi.
2600	Odio cuando hay mucha gente.	5708	Tôi ghét những lúc đông người.
2606	La policía te hará encontrar las balas.	5709	Cảnh sát sẽ bắt bạn tìm ra mấy viên đạn.
2613	No sé qué quieres decir.	5711	Tôi không biết ý của bạn là gì.
2615	¿Querías hablarme de libertad?	5712	Bạn muốn nói với tôi về sự tự do hả?
2622	Necesito hacerte una pregunta tonta.	5714	Tôi cần hỏi một câu hỏi ngớ ngẩn.
2623	¡No sé cómo demostrarlo, ya que es tan evidente!	5715	Tôi không biết phải trình bày thế nào, bởi vì nó đã quá rõ ràng rồi.
2625	¿Se puede expresar de otra manera?	5716	Có thể nói cách khác được không?
2627	Encontré una solución, pero la encontré tan rápido que no puede ser la correcta.	5717	Tôi đã tìm ra cách, nhưng mà tìm ra nhanh thế này thì chắc hẳn đó không phải là cách hay rồi.
2629	Salvo que aquí no es tan simple.	5719	Nhưng ở đây, không dễ dàng như vậy đâu.
2632	No, no es mi nuevo novio.	5720	Không, anh ấy không phải bạn trai mới của tôi.
2634	¡¿Nunca tienes clases o qué?!	5721	Bạn không bao giờ có lớp hay sao?
2636	¿Dónde está el problema?	5722	Vấn đề ở đâu?
2639	Te quiero.	515073	Anh phải lòng em.
2640	Ya no te quiero.	5725	Tao không thích mày nữa.
2642	¡Felicidades!	5726	Xin chúc mừng!
2648	Ya no sé qué hacer.	5727	Tôi không còn biết phải làm gì nữa.
2651	Yo no quería que pasase esto.	5728	Tôi cũng không muốn vụ này xảy ra.
2652	Aunque probablemente adivines qué está pasando.	5729	Chắc bạn cũng đoán được cái gì xảy ra mà.
2654	¿Qué otras opciones tengo?	5730	Tôi còn có sự chọn lựa nào khác nữa?
2656	No tengo nada mejor que hacer.	5731	Tôi không có gì tốt hơn để làm hết.
2658	Todo el mundo tiene fortalezas y debilidades.	5732	Người nào cũng có cái hay và cái dở của họ.
2664	No sé si todavía lo tengo.	5733	Không biết là tôi còn không nữa.
2665	¿Qué piensas que estaba haciendo?	5734	Bạn nghĩ tôi đang làm gì?
2667	Mi mamá no habla muy bien inglés.	5735	Mẹ của tôi không nói tiếng Anh giỏi lắm.
2671	¿Cómo encuentras comida en el espacio?	5736	Làm sao để tìm được thức ăn khi đang ở ngoài không gian?
2672	Todos quieren conocerte. ¡Eres famoso!	5737	Mọi người muốn gặp bạn vì bạn nổi tiếng!
2674	¡Aborrezco profundamente la escritura formal!	5738	Tôi rất ghét phải viết theo khuôn mẫu!
2677	¿Qué te mantiene despierto hasta tan tarde?	5739	Bạn làm gì mà thức khuya quá vậy?
2680	La vida es dura, pero yo soy más duro.	5741	Cuộc sống thì khó khăn đấy, nhưng tôi mạnh mẽ hơn nó nhiều.
2682	¡Para ya! ¡La estás haciendo sentir incómoda!	5742	Đừng! Mày đang làm cô ấy bực bội đấy.
2683	Sólo la verdad es bella.	5743	Chỉ có sự thật là tốt đẹp.
2685	No hablo japonés.	5744	Tôi không biết nói tiếng Nhật.
2687	Nadie me entiende.	5745	Không ai hiểu được tôi hết.
2701	¡Deja de mirarme como una persona "normal"!	5746	Đừng coi tôi như người "bình thường"!
2709	"¿Qué habrá en la cueva? Tengo curiosidad." "No tengo ni idea."	5748	"Trong hang đang xảy ra chuyện gì vậy? Tôi rất là tò mò." "Tôi cũng không biết nữa."
2711	"A decir verdad, tengo vértigo." "¡Eres un cobarde!"	5751	"Nói thật là tôi rất là sợ độ cao." "Bạn nhát quá!"
2712	"Confía en mí", dijo él.	5752	"Tin tôi đi," anh ấy nói.
2713	—¡Esto es lo que estaba buscando! —exclamó él.	5753	"Đây đúng là thứ mà tôi đang tìm" anh ta kêu lên.
2717	Algún día correré como el viento.	5754	Sẽ có một ngày tôi sẽ chạy nhanh như gió.
2720	Hazme saber si hay algo que yo pueda hacer.	5755	Cần gì thì cứ việc nói với tôi.
2722	No comienza hasta las ocho y treinta.	5756	Nó sẽ không bắt đầu cho tới lúc tám giờ rưỡi.
2724	"Tengo ganas de jugar a las cartas." "Yo también."	5757	"Tôi muốn đánh bài." "Tôi cũng vậy."
2732	¿Por qué no nos vamos a casa?	5760	Sao mình không đi về đi?
2736	Un millón de personas perdieron la vida en la guerra.	5761	Một triệu người đã ngã xuống trong cuộc chiến đó.
2743	¡No fui yo, comisario!	5763	Sếp à, không phải tôi đâu!
2744	¡Oh, mis pantalones blancos! Eran nuevos.	5764	Kìa mấy cái quần trắng của mình! Vẫn còn mới!
2746	Al salir de la estación vi a un hombre.	5765	Khi tôi ra khỏi ga xe lửa, tôi gặp một gã đàn ông.
2750	Bueno, la noche es muy larga, ¿no?	5766	Đêm cũng dài quá ha?
2752	¿Me has echado de menos?	5767	Có nhớ tôi không?
2755	¡Muchas gracias!	5768	Cám ơn bạn nhiều nghe!
2760	¿Ida y vuelta? Sólo ida.	5770	Vé khứ hồi phải không? Một chiều thôi.
2764	Estirar después del lavado.	5771	Xếp gọn gàng sau khi giặt xong.
2765	Lavar antes de usar.	5772	Giặt trước khi mặc lần đầu.
2766	No abrir antes de que pare el tren.	5773	Đừng mở trước khi xe lửa ngừng lại.
2770	Oh, lo siento.	5774	Ờ, xin lỗi nghe.
2774	No es pobre quien tiene muy poco, sino quien ansía demasiado.	5775	Người nghèo không phải là người có quá ít mà là người muốn quá nhiều.
2775	Viendo que no estás sorprendido, creo que debes estar al corriente.	5776	Anh có vẻ không bất ngờ nhỉ, chắc anh đã biết cả rồi.
2776	¿Cuánto tiempo se tarda en llegar a la estación?	5777	Mất bao nhiêu thời gian để đi từ đay tới ga?
2777	Este será un buen souvenir de mi viaje a los Estados Unidos.	5778	Cái này sẽ là một kỷ niệm tốt của cuộc du ngoạn xung quanh nước Mỹ.
2782	Es imposible para mí explicártelo.	5784	Tôi không thế nào giải nghĩa cho bạn được.
2783	No quiero pasarme el resto de mi vida arrepintiéndome de ello.	5785	Tôi không muốn cả đời hối tiếc vì chuyện này.
2784	Nunca lo habría adivinado.	5786	Tôi cũng không đoán được.
2793	No podemos dormir por el ruido.	5788	Chúng tôi không ngủ được vì ồn quá.
2796	Haz lo que te diga.	5789	Tốt nhất là hãy làm theo mọi thứ anh ấy nói với bạn.
2798	Ya son las once.	5791	Đã mười một giờ rồi.
2805	París es la ciudad más bonita del mundo.	5792	Paris là một thành phố đẹp nhất thế giới.
2807	Tengo un sueño.	5793	Tôi có ước mơ.
2808	Esta es mi amiga Rachel, fuimos al instituto juntos.	5794	Đây là bạn tôi tên Rachel, chúng tôi học trường trung học với nhau.
2809	El coste de la vida ha aumentado drásticamente.	5795	Giá sinh hoạt đã nhất loạt tăng.
2812	No cabe duda de que el universo es infinito.	5796	Nhưng mà vũ trụ là vô tận.
2814	Y sin embargo, también lo contrario es siempre verdadero.	5797	Nhưng, sự trái ngược cũng luôn luôn có lý.
2818	¡¿Cómo que no sabes?!	5799	Ý cậu là cậu không biết hả?!
2819	Pareces estúpido.	5800	Bạn nhìn ngốc quá.
2821	Tengo que ir de compras, estaré de vuelta en una hora.	5801	Tôi đi mua sắm một chút. Một tiếng sau trở lại.
2825	¿Cómo se dice eso en italiano?	5802	Trong tiếng Ý cái đó nói thế nào?
2828	Gracias, es todo.	5803	Cám ơn. Thôi nhé.
2834	¡No es culpa mía!	5804	Không phải lỗi của tôi!
2839	¡Abra la boca!	5805	Mở miệng ra!
2847	No eres lo bastante rápido.	5740	Bạn không đủ nhanh.
2850	¡Hay demasiadas cosas que hacer!	5806	Có nhiều thứ để làm quá!
2854	Gracias a ti he perdido mi apetito.	5808	Nhờ ơn của bạn tôi hết còn thèm ăn.
2856	Hace tanto calor que podrías cocer huevos sobre el capó de un coche.	5811	Nóng đến nỗi mà có thể luộc trứng trên nóc xe.
2857	¿Quién no conoce este problema?	5810	Ai lại không biết về vấn đề này?!
2859	Nadie vino.	5812	Không ai tới hết.
2865	¡Mírame cuando te hablo!	5813	Làm ơn nhìn mặt tôi khi nói chuyện!
2874	No entiendo.	5815	Tôi không hiểu.
2877	¿Y qué vamos a hacer?	5816	Còn chúng tôi làm gì?
2880	Debo admitir que ronco...	5818	Tôi phải nhận là tôi có ngáy...
2887	Mis zapatos son muy pequeños, necesito otros nuevos.	5819	Giày của tôi bé quá, tôi cần đôi mới.
2888	Salgamos de aquí, los polis vienen.	5820	Mau rời khỏi đây. Cảnh sát tới bây giờ.
2889	¡Feliz Navidad!	5821	Chúc mừng giáng sinh!
2891	"Si estás cansado, ¿por qué no te vas a dormir?" "Porque si me voy a dormir ahora, me despertaré demasiado pronto."	5822	"Nếu mệt thì ngủ một chút đi?" "Bây giờ mà ngủ thì sẽ dậy sớm lắm."
2900	¡Me muero de hambre!	5825	Tôi đói quá rồi!
2903	Tengo tanto trabajo que me quedo una hora más.	5826	Tôi còn nhiều việc phải làm quá, chắc phải ở lại thêm một tiếng đồng hồ nữa.
2904	Estoy casada y tengo dos niños.	5827	Tôi có chồng và hai đứa con.
2906	Me gustaría estudiar en París.	5828	Tôi muốn đi du học ở Paris.
2908	¿Por qué no comes verdura?	5829	Sao không ăn rau vậy?
2915	Quien busca, encuentra.	5831	Tìm thì sẽ thấy.
2920	Encuentro las lenguas extranjeras muy interesantes.	5835	Tôi thấy ngoại ngữ rất thú vị.
2923	¡Afronta la vida con una sonrisa!	5836	Đối mặt sự sống với một nụ cười!
2924	Tú me haces soñar.	5837	Bạn khiến tôi mơ đấy.
2926	Hace frío.	5840	Lạnh.
2929	¡Has hecho esto intencionadamente!	5843	Bạn cố ý làm phải không!
2930	¿No le has dicho nada?	5844	Bạn không nói với anh ấy cái gì à?
2933	¿Me podrías llamar más tarde por favor?	5845	Bạn có thể gọi lại được không?
2934	¿Con quién hablo?	5846	Tôi đang nói chuyện với ai đây?
2936	La vida es bella.	382139	Cuộc đời tươi đẹp.
2943	Es realmente inteligente, ¿verdad?	5852	Cô ấy thông minh lắm phải không?
2944	La justicia es cara.	5853	Công lý rất đắt.
2946	Demasiado tarde.	5855	Muộn quá.
2951	He soñado contigo.	5882	Tôi mơ đến bạn.
2953	¡No voy a perder!	5883	Tôi không thua đâu!
2954	Las clases empiezan pronto de nuevo.	5884	Sắp vô tiết rồi.
2956	¡Vamos! Háblame, Trang.	5888	Thôi nào! Nói chuyện với mình đi Trang.
2957	Estoy casi listo.	5889	Tôi sắp xong rồi.
2958	¿Has dicho que yo no podría ganar nunca?	5891	Bạn vừa nói rằng tôi không thể thắng được à?
2961	¿De qué estás hablando?	5896	Bạn đang nói cái gì vậy?
2964	Tengo clase mañana.	5897	Tôi có lớp ngày mai.
2965	"Gracias." "De nada."	5899	"Cám ơn." "Không có chi."
2966	¿De qué país eres?	5901	Bạn đến từ nước nào vậy?
2971	Quiero ser más independiente.	5909	Tôi muốn tự lập hơn.
2973	Uno, dos, tres, cuatro, cinco, seis, siete, ocho, nueve, diez.	5918	Một, hai, ba, bốn, năm, sáu, bảy, tám, chín, mười.
2974	¿Dónde están los servicios?	5919	Nhà vệ sinh ở đâu vậy?
2976	¿Cuántas horas de sueño necesitas?	5921	Bạn cần bao nhiêu tiếng đồng hồ để ngủ vậy?
2980	No sé qué es peor.	5923	Tôi không biết cái gì có thể xấu hơn nữa.
2982	La belleza está en los ojos del que mira.	5924	Vẻ đẹp chỉ tồn tại trong mắt của những người hiểu được nó.
2991	Siento que soy libre.	5926	Tôi cảm thấy mình rất tự do.
2993	La libertad no es gratis.	5927	Tự do không đồng nghĩa với được tự do.
2997	¡Quiero un MP3!	5928	Tôi muốn có máy MP3!
3001	Si no lo hago ahora, nunca lo haré.	5937	Nếu tôi không làm bay giờ thì tôi sẽ không bao giờ làm hết.
3003	Quizás tengas razón, fui un egoísta.	5939	Có lẽ bạn nói đúng, tôi đã quá ích kỷ.
3067	Necesito tu consejo.	5941	Tôi cần lời chỉ bảo của bạn.
127398	La imaginación afecta a todos los aspectos de nuestra vida.	5787	Sự tưởng tượng ảnh hưởng đến mọi khía cạnh cuộc sống của chúng ta.
127399	—¿Cómo te sientes? —preguntó él.	5782	"Bạn thấy sao?" anh ấy hỏi.
135771	Depende de a lo que te refieras con "creer" en Dios.	5871	Tùy theo bạn cách nghĩa sự "tin" Chúa là sao.
180519	Eh... ¿Cómo está marchando eso?	5750	Ờ... cái đó sao rồi?
180523	El comunismo nunca será alcanzado mientras yo viva.	5758	Cộng sản sẽ chẳng bao giờ tồn tại đến đời của tôi.
180546	Pon el mazo de cartas sobre la mesa de roble.	5759	Làm ơn để bộ bài trên bàn gỗ sồi.
180547	La democracia es la peor forma de gobierno, con excepción de todas las otras que se ha probado.	5762	Trong tất cả các loại hình chính phủ, dân chủ là tệ nhất, trừ mọi chính phủ mà đã tồn tại từ xưa đến giờ.
180549	No me importan vuestros nombres. Total, cuando se termine este trabajo me iré.	5779	Tôi không quan tâm anh là ai. Xong việc tôi sẽ rời khỏi đây.
180550	Es difícil mantener una conversación con alguien que sólo dice "sí" y "no".	5780	Rất là khó để nói chuyện với một người luôn luôn trả lời "Có" hay "Không".
180551	Es bastante difícil dominar el francés en 2, 3 años.	5783	Rất là khó để thành thạo tiếng Pháp trong hai hay ba năm.
180554	Me tomó más de dos horas traducir unas pocas páginas en inglés.	5790	Tôi tốn hơn hai tiếng để dịch vài trang tiếng Anh.
180564	Estás a mi lado, ahora todo está bien.	5798	Có em bên cạnh thì bây giờ mọi thứ đều ổn cả rồi.
180566	Realmente necesito golpear a alguien.	5809	Tôi muốn đấm ai đó cho thỏa thích.
181007	¿Y si dieras un discurso y nadie viniera?	5814	Nếu bạn phát biểu nhưng không ai tới thì sao?
329726	El coche se estrelló contra la pared.	5830	Cái xe đã đụng vô tường.
329729	¿Dónde están mis gafas?	409241	Kính của tôi đâu mất rồi?
336561	Ted finalmente logró comunicar sus pensamientos en japonés.	489448	Cuối cùng thì Ted đã có thể truyền đạt suy nghĩ của mình bằng tiếng Nhật.
339039	No tengo mucho dinero.	510434	Tôi không có nhiều tiền.
339270	¿Acaso te lo podrías imaginar?	1598873	Bạn không thể tưởng tượng ra nó đúng không?
339837	Me duele la cabeza.	5817	Tôi bị nhức đầu.
342669	Estudiar o no depende de ti.	2846292	Muốn học hay không thì tùy.
342669	Estudiar o no depende de ti.	2846293	Học hay không thì tùy bạn.
346518	Esa pared mide 30 yardas de largo.	418935	Bức tường đó dài 30 yard.
356236	Admiro su coraje.	507677	Tôi khâm phục lòng dũng cảm của anh ta.
358543	Mientras no comas demasiado, puedes comer cualquier cosa.	407099	Bạn có thể ăn gì cũng được, miễn là đừng ăn quá nhiều.
360169	Aquellos son los libros de ellos.	418934	Đấy là sách của họ.
376608	No sé.	5670	Tôi không biết.
407200	Sólo los desempleados salen los miércoles.	407199	Chỉ có những người thất nghiệp mới hẹn hò vào thứ tư.
445864	El chico cogió al gato por la cola.	1513731	Thằng nhóc đã túm lấy đuôi của con mèo.
450176	Si él me lo pide, se lo doy; si no, no.	571032	Nếu anh ấy hỏi tôi, thì tôi sẽ cho; nếu không thì thôi.
452952	No entré en detalles.	3344557	Tôi không đi vào chi tiết.
455958	Tengo sed.	5841	Tôi khát nước.
456592	Perdone, ¿habla usted inglés?	558958	Xin lỗi, ông có nói tiếng Anh không?
463285	Este país se llama Rusia.	592866	Nước này gọi là nước Nga.
464589	¿Cuál es el número de mi cuarto?	593009	Số phòng của tôi là số nào?
473470	Tenemos hambre.	563125	Chúng tôi đói.
473470	Tenemos hambre.	1581872	Chúng đang đói.
509442	La religión es el opio del pueblo.	509563	Tôn giáo là thuốc phiện của nhân dân.
510173	La última vez que fui a China visité Shanghái.	510179	Lần cuối cùng tôi sang Trung Quốc, tôi đã đi thăm Thượng Hải.
522303	Usualmente tomo una ducha en la noche.	5935	Tôi thường tắm vào buổi tối.
532027	¡Qué idiota soy!	515071	Tôi ngu thật!
536480	No puedo aceptar este regalo.	515062	Tôi không thể nhận tặng phẩm này được.
536480	No puedo aceptar este regalo.	1548775	Tôi không thể nhận món quà này.
536480	No puedo aceptar este regalo.	1548776	Tôi không thể chấp nhận tặng phẩm này.
550930	Seamos conscientes de toda la importancia de este día, porque hoy entre los hospitalarios muros de Boulogne-sur-Mer no se han reunido franceses con ingleses, ni rusos con polacos, sino seres humanos con seres humanos.	604748	Chúng ta hãy ý thức tất cả tầm quan trọng của ngày hôm nay. vì hôm nay trong bốn bức tường mến khách của Boulogne-sur-Mer, không phải là người Pháp và người Anh, người Nga và người Ba Lan gặp nhau, mà là những con người gặp gớ những con người.
562571	Peso más o menos 60 kilos.	1341812	Tôi nặng chừng 60 ký.
571072	Ahora estoy leyendo un libro.	571082	Tôi đang đọc một cuốn sách.
574362	Soy un tenista.	1542174	Tôi là người chơi ten-nít.
574492	Salgan del aula.	1076047	Ra khỏi phòng học ngay.
600196	¿A quién se lo diste?	515075	Anh đã cho ai cái đó?
612936	¿Sabe usted cuántos años tiene la señorita Nakano?	612942	Bạn có biết cô Nakano bao nhiêu tuổi không?
619073	Nos atendió una mesera bonita.	593028	Một cô hầu bàn đẹp phục vụ chúng tôi.
619168	Mamá no puede manejar el carro.	619171	Mẹ tôi không lái được xe hơi.
623928	Él salió de la habitación.	568441	Anh ấy ra khỏi phòng.
637386	¿Podrías hacerme un favor?	568420	Bạn có vui lòng giúp tôi một việc không?
642267	Su hermana luce joven.	1341810	Em gái của cô ấy trông còn trẻ.
653345	Aquí no se puede nadar.	653361	Bạn không thể bơi ở đây được.
653349	El doctor dice que ella padece reumatismo.	653355	Bác sĩ bảo rằng chị ấy bị thấp khớp.
749468	¿Cómo se manifestó el error?	749561	Bằng gì chứng minh sự hỏng?
750502	Veo una flor sobre el escritorio.	1513725	Tôi nhìn thấy một bông hoa ở trên bàn.
753037	Él fue allí para aprender inglés.	1341803	Anh ấy đi đến đấy để học tiếng Anh.
769473	¿Puede abrir la ventana?	1573190	Bạn có thể mở cửa sổ được không?
769473	¿Puede abrir la ventana?	1573191	Bạn có thể vui lòng mở cửa sổ không?
779093	¡Calla y escucha!	525175	Hãy im đi và lắng nghe!
784962	Déjame entrar.	2661858	Cho tôi vào.
786265	¿Cuál es mi número de habitación?	593009	Số phòng của tôi là số nào?
800743	El estudiante ya ha resuelto todos los problemas.	3109155	Một sinh viên đã giải quyết hết tất cả vấn đề.
818665	Él le contó a su hijo una historia interesante.	713740	Ông ta kể cho con một câu chuyện lý thú.
462485	Siéntate, por favor.	510730	Mời bạn ngồi xuống.
855399	Yo abrí la caja - estaba vacía.	516987	Tôi mở chiếc hộp. Không có gì ở trong.
871064	Vio al chico saltar la valla e irse corriendo.	1510029	Anh ta đã thấy thằng nhóc nhảy qua hàng rào và chạy mất.
880887	Él tuvo una vida próspera y agradable en el campo.	1341809	Anh ấy có một cuộc sống thịnh vượng và an lành ở nông thôn.
885671	Nadie se percató de su ausencia.	1547572	Chẳng ai để ý đến sự vắng mặt của nó.
947097	Fui al zoológico.	724154	Tôi đã tới vườn thú.
964224	Su historia triste me conmovió el corazón.	509113	Câu chuyện buồn của anh ấy khiến tôi mủi lòng.
964226	¿Me enseña su pasaporte, por favor?	510398	Xin ông vui lòng cho tôi xem hộ chiếu của ông.
964233	¡Oh! por favor, enséñamelo.	515420	Ồ, hãy vui lòng cho tôi xem!
964235	¿Podría repetirme la pregunta?	537034	Bạn vui lòng nhắc lại câu hỏi.
964237	Todos estamos contentos.	544801	Mọi người đều hài lòng.
964241	Un buen hijo está siempre ansioso de satisfacer a sus padres.	552162	Một đưa con có hiếu luôn luôn lo làm cho cha mẹ vừa lòng.
964244	Ella no tenía dificultad en aprender el poema de corazón.	563129	Chị ấy không gạp khó khăn gì để học thuộc lòng bài thơ.
964246	Por favor, contesta a todas las preguntas.	571051	Anh vui lòng trả lời tất cả các câu hỏi.
964249	Por favor, abra su bolsa.	572504	Bà vui lòng mở túi xách của bà.
964250	Su plan me gusta mucho.	593092	Tôi rất hài lòng cách bố trí của anh!
964252	Debo aprenderme el poema de corazón.	703481	Tôi phải học thuộc lòng bài thơ này.
990931	Me estoy quedando en aquel hotel.	1341806	Tôi đang ở tại khách sạn kia.
1003112	Deja de morderte las uñas.	733137	Cậu thôi đừng gặm móng tay nữa.
1049637	Jim no vendrá hoy.	1341807	Jim sẽ không đến hôm nay.
1051694	Ella no puede hablar ni siquiera su propia lengua sin equivocarse.	1510711	Cô ấy thậm chí không thể nói tiếng mẹ đẻ mà không mắc lỗi
1118809	Me siento mal.	944601	Tôi cảm thấy xấu.
1127757	Siento náuseas.	515051	Tôi cảm thấy buồn nôn.
1132211	No hay nada más importante que la amistad.	515064	Không có gì quan trọng hơn tình bạn.
1135719	Mamá siempre tiene la razón.	1568140	Mẹ luôn luôn đúng.
1201095	¿Has ido alguna vez a Okinawa?	1552963	Mày đã tới Okinawa chưa?
1201095	¿Has ido alguna vez a Okinawa?	1552964	Bạn đã tới Okinawa chưa?
1201095	¿Has ido alguna vez a Okinawa?	1552965	Mày đã từng đi Okinawa chưa?
1280162	Tengo que prepararme para la prueba de inglés.	1954169	Tôi phải chuẩn bị cho bài thi tiếng Anh.
1293139	Ni uno ni lo otro.	1341805	Chẳng phải cái này lẫn cái kia.
1315403	No puedo evitar sentir triste al mirar a esta foto.	510537	Tôi không thể nhìn tấm ảnh này mà không cảm thất rất buồn.
1315410	La habitación es tranquila.	510541	Phòng này yên tĩnh.
1315412	No necesito dinero ahora.	510547	Bây giờ tôi không cần tiền.
1315421	Habla más despacio, por favor.	510733	Bạn làm ơn nói chậm hơn.
1315435	Es muy peligroso nadar por este río.	515052	Bơi ở sông này rất nguy hiểm.
1315436	A mi abuelo le gusta caminar.	515053	Ông tôi thích đi bộ.
1315442	Él ha vuelto desde los EE.UU.	515057	Anh ta từ Mỹ về.
1315445	Lo vi el otro día.	515058	Tôi gặp anh ấy hôm trước.
1315456	Nada es más importante que la amistad.	515064	Không có gì quan trọng hơn tình bạn.
1315466	¿Me puedes recomendar un agradable restaurante cerca de aquí?	515074	Bạn có thể giới thiệu một nhà hàng dễ chịu gần đây không?
1332423	¿Podrías hacerme un descuento?	1509575	bạn có thể giảm giá không ?
1411099	Tom no hizo comentarios.	1555105	Tom chẳng có ý kiến gì.
1411099	Tom no hizo comentarios.	1555106	Tom chẳng bình luận gì.
1548118	Aguarde un momento, por favor.	1912098	Xin chờ một lát.
1618110	Realmente no sé cómo agradecerte.	1618189	Thực sự tôi không biết phải cám ơn bạn như thế nào nữa.
1618116	Vivo en la calle Río Largo, número doscientos veinte.	1618187	Tôi sống ở số nhà hai trăm hai mươi, đường Comprido.
1618119	Me quedé ahí durante cuatro semanas.	1618185	Tôi đã ở đấy trong suốt bốn tuần.
1618126	No puedo ver.	1618184	Tôi không nhìn được.
2134474	Estos libros son tuyos.	1581821	Quyển sách này là của bạn.
2197904	Los aviones han sustituido a los trenes eléctricos.	1571592	Máy bay đã thế chỗ của xe điện.
2198001	La reunión duró hasta las 5.	564686	Buổi họp kéo dài đến 5 giờ.
2267368	No es apto para menores.	2507766	Nó không thích hợp với những chuyện tầm thường.
2443867	Dentro de poco tiempo sabrás esperanto.	791738	Bạn có thể sẽ biết Esperanto sau một thời gian ngắn.
2492087	¿Puedo besarte?	2854117	Tôi có thể hôn bạn được không?
2871684	Les deseo a todos un día muy feliz y que siempre sean gran maestros en la vida.	2871683	Chúc mọi người có một ngày thật vui và luôn là một người Thầy tuyệt vời nhất.
2885600	La secretaria metió la carta en un sobre.	582969	Cô thư ký cho bức thư vào phong bì.
2895584	No estoy muy familiarizado con este lugar.	2639076	Tôi không rành nơi này lắm.
2897476	¿Sabes cuánto fue el daño?	934725	Có biết thiệt hại bao nhiêu không?
2897481	Me topé con tu madre en la biblioteca.	1547266	Tôi tình cờ gặp mẹ bạn ở thư viện.
2897485	Mami, ¡apúrate!	571069	Mẹ ơi, hãy khẩn trương lên!
2897487	Ella apeló a la corte en contra de la decisión de condenarla.	1549305	Bà ấy chống án lên toà trên để phản đối quyết định kết tội bà ấy.
2897491	Ella seguramente vendrá mañana.	1838425	Cô ấy chắc mai sẽ tới.
2897500	Él le cuenta una historia interesante a su hijo.	713740	Ông ta kể cho con một câu chuyện lý thú.
2916862	Esta tarde podría nevar.	513537	Chiều nay có thể tuyết sẽ rơi.
2926256	Voy a nadar después de despertarme.	1551870	Tôi đi bơi sau khi thức dậy.
2926258	Fui a nadar después de despertarme.	1551870	Tôi đi bơi sau khi thức dậy.
2926259	Iba a nadar después de despertarme.	1551870	Tôi đi bơi sau khi thức dậy.
3158512	Nunca veré el comunismo en mi vida.	5758	Cộng sản sẽ chẳng bao giờ tồn tại đến đời của tôi.
3175979	¿De dónde salen los autobuses aeroportuarios?	510404	Xe buýt sân bay khởi hành từ đâu?
3179400	Mañana se casarán.	1250208	Mai họ sẽ cưới.
3182203	Soy de la ciudad.	2047891	Tôi đến từ thành phố.
3227038	No sé qué tenga que hacer.	5727	Tôi không còn biết phải làm gì nữa.
3246487	Él puede tocar la guitarra.	1759688	Anh ta có thể chơi được ghita.
3246499	A cada héroe su reino.	619173	Anh hùng nào giang sơn nấy.
3246994	Él me vino a ver tres días antes de que se fuera a África.	571017	Anh ấy đến gặp tôi ba ngày trước khi anh ấy đi châu Phi.
3247016	Él estudia la carrera de literatura inglesa.	1759692	Anh ta chuyên môn Anh Văn.
3247024	Se veía como si no hubiera comido nada en varios días.	490797	Nhìn anh ta như thể đã không ăn gì trong nhiều ngày.
3287848	¿Cómo cambio un itinerario de vuelo?	3109210	Làm thế nào để đổi lộ trình một chuyến bay?
3287849	El precio del tomate es muy irregular durante todo el año.	3109204	Giá cà chua quanh năm rất thất thường.
3287850	Este es un discurso histórico de Putin.	3109202	Đây là bài phát biểu lịch sử của Putin.
3287851	Permítame preguntar ¿en dónde está la gasolinera más cercana?	3109195	Cho hỏi trạm xăng gần nhất ở đâu?
3287853	Ya se le ponchó la llanta a mi carro.	3109191	Xe của tôi bị lủng lốp rồi.
3287855	Abraham ladró.	2481849	Ápram đã sủa.
3287873	¿A dónde se fue?	1581873	Ông ấy đi đâu vậy?
3372010	"¡No te creo!" "¡Lo juro!"	3371992	"Tôi không tin bạn!" "Tôi thề!"
3372031	Te lo juro por Dios, yo nunca supe eso.	1575824	Thề có Chúa, tôi chưa bao giờ biết điều đó.
3411531	¡Papá! ¡Qué es esto! Dijiste que no habría nadie.	1743545	Ba ! Vậy là sao ! Sao ba bảo sẽ không có ai mà.
3463975	No quiero oírte quejar más.	5913	Tôi không muốn nghe thêm bất kì lời than vãn nào từ cậu nữa.
3525152	Lo prometo.	5834	Tôi hứa.
3527437	¿Estás a punto de irte, verdad?	3526277	Anh sắp đi rồi, phải không?
3527441	Ahora presentaré el segundo asunto.	3526268	Bây giờ tôi sẽ trình bày vấn đề thứ hai.
3527444	Cualquiera de las habitaciones está limpia.	3526266	Phòng ngủ nào cũng sạch sẽ.
3527456	Pienso igual que tú.	3526262	Tôi cũng nghĩ như anh.
3527457	Yo ya sé inglés.	3526254	Tôi đã biết tiếng Anh rồi.
3527458	Ella está a punto de irse.	3486868	Cô ta sắp đi.
3527461	Me gusta mi gorrito de lana.	3486857	Tôi thích cái mũ len của tôi.
3527462	Tom no es ingenuo.	3486843	Tom không ngây thơ.
3527484	La policía le sacó la confesión.	3486841	Cảnh sát đã bắt cô ta thú tội.
3527487	No seas codicioso.	3486826	Đừng trở nên tham lam.
3527490	Mi piel se quema fácilmente.	3486808	Da tôi dễ bị bỏng.
3527494	Perdí el equilibrio y me caí por las escaleras.	3486797	Tôi bị mất thăng bằng và ngã xuống thang.
3527496	Tengo el as de tréboles.	3486794	Tôi có con át chuồn.
3527497	¿Cómo te hace sentir eso?	3486709	Cái đó làm bạn thấy thế nào?
3527499	Sé mucho de barcos.	3484836	Tôi biết rất nhiều về thuyền.
3527501	Ellos mismos lo hacen.	3484835	Họ tự làm việc đó.
3527503	Necesito el destornillador.	3484833	Tôi cần cái tua-vít.
3527504	Hace tanto que no hablaba contigo.	3484860	Lâu rồi tôi không nói chuyện với bạn.
3527506	¿Y dónde está la llave? Ah, ya la tienes.	3484859	Chìa khóa đâu rồi? À, bạn có rồi à.
3527508	Lo voy a poner en su cuenta.	3484856	Tôi sẽ cho nó vào hóa đơn của bạn.
3527517	Lo dijo por envidioso.	3484854	Anh ta nói vậy vì ghen tức.
3527520	Él está disfrutando de la vida escolar.	3486719	Cậu ta đang tận hưởng cuộc sống học đường.
3527525	Quiero tomar un vaso de agua.	3109186	Tôi muốn uống một ly nước.
3527528	¿Cuándo pagarás por mí?	3109187	Khi nào mày trả tiền cho tao?
3529365	Este cofre está demasiado pesado.	3526258	Cái hòm này quá nặng.
3529367	Este ataúd está demasiado pesado.	3526258	Cái hòm này quá nặng.
3529368	Hemos estado esperando durante tanto tiempo.	3526219	Chúng tôi đã chờ đợi bấy lâu.
3529369	Ese será el asunto del mes que entra.	3526213	Đó là chuyện tháng sau.
3529370	Eso será para el mes que viene.	3526213	Đó là chuyện tháng sau.
3529371	Eso aún no lo sabemos.	3526211	Việc đó, chúng tôi chưa biết.
3529374	Esa es una buena opinión.	3526209	Đấy là một ý kiến hay.
3529378	¿Para quién hiciste estos?	3486778	Bạn làm những cái này cho ai vậy?
3642027	Las manos obran y las mandíbulas mastican.	2808767	Tay làm hàm nhai.
3654673	A en vietnamita es B.	1542500	A trong tiếng Việt là B.
3659169	Y así, cada ciudadano tiene un papel indispensable.	509471	Và như vậy mọi công dân đều có vai trò không thể thiếu được.
3666084	¿No será esto té de jazmín?	556994	Đây có phải là trà hoa nhài không?
3666104	El ultrasonido es una forma de ayudar a los médicos a diagnosticar mejor.	3313544	Siêu âm là một hình thức giúp bác sĩ chẩn đoán bệnh tốt hơn.
3666122	¿Estás aquí, eh?	717937	Mày ở đây à?
3666136	Él es pobre, pero no le pide prestado dinero a nadie.	513764	Anh ấy nghèo, nhưng không vay tiền của ai.
3666170	Él tiene la edad suficiente para viajar solo.	724087	Ông ấy khá nhiều tuổi để đi du lịch một mình.
3666211	El gusano pone triste a la olla de sopa.	631531	Con sâu làm rầu nồi canh.
3666227	Has estado en México, ¿verdad?	3116948	Bạn đã từng đến Mexico phải không?
3666236	¿Necesitas que te ayudemos?	1553773	Bạn có cần chúng tôi giúp đỡ không?
3666266	¿Sabes lo que hacía tu tío en la naval, Sean?	1581737	Con biết dượng làm gì hồi trong Hải quân không, Sean?
3666274	Me tomo un refresco después de bañarme.	563289	Tôi uống nước soda sau khi tắm.
3695366	¿Por qué no vienes?	717918	Tại sao anh không đến?
3699918	Lo mejor es hacer todo lo que él te diga.	5789	Tốt nhất là hãy làm theo mọi thứ anh ấy nói với bạn.
3805385	Él jugará golf el próximo domingo.	581122	Anh ấy sẽ chơi gôn chủ nhật tới.
3834149	Los vietnamitas son muy acogedores.	1552521	Người Việt Nam rất hiếu khách.
3846123	Era sábado por la noche.	592735	Hôm đó là tối thứ bảy.
3666843	Se dice que ella cuidaba del huérfano.	3460372	Người ta kể rằng cô ấy đã chăm sóc đứa trẻ mồ côi.
1284831	No, para nada.	2854126	Không, không phải toàn bộ.
342338	Él vive en Tokio.	557023	Anh ấy sống ở Tokyo.
854402	No preguntes lo que piensan. Pregunta lo que hacen.	497678	Đừng hỏi những gì họ nghĩ. Hãy hỏi những gì họ làm.
329919	¿Quién es él?	3109189	Nó là ai?
687733	¿Quién es ella?	3109189	Nó là ai?
687733	¿Quién es ella?	509091	Chị ấy là ai?
329919	¿Quién es él?	3109190	Anh ấy là ai?
2084359	El perro murió.	561465	Con chó chết rồi.
3864939	Tuvieron una vida feliz.	337929	Họ đã có một cuộc sống hạnh phúc.
3864950	Llevaron una vida feliz.	337929	Họ đã có một cuộc sống hạnh phúc.
656878	Mañana es domingo.	1549464	Ngày mai là Chủ nhật.
2114175	¡Muere!	3680924	Chết đi!
539464	¿Cuál es tu grupo sanguíneo?	523165	Nhóm máu của bạn là nhóm nào?
627075	Soy feliz.	3306920	Tôi hạnh phúc.
3617748	¿Qué color te gusta más?	3839552	Cậu thích màu nào hơn?
3886699	Gato viejo se convierte en zorro.	3839564	Mèo già hóa cáo.
3886719	Viniste en un momento equivocado.	3839551	Cậu đến không đúng lúc rồi.
416653	Bienvenido a Tatoeba.	837453	Chào mừng bạn đến với Tatoeba.
3936484	Brasil tiene muchísimas ciudades grandes.	3933205	Nước Bra-xin có rất nhiều thành phố lớn.
672155	Estoy comiendo arroz.	1550791	Tôi đang ăn cơm.
3943615	Rechacé la idea de ir a caminar y me quedé en casa.	1541981	Tôi gạt bỏ ý định đi dạo, và ở lại nhà.
4296680	¿Qué opinas sobre el sistema educativo de Japón?	3313415	Bạn nghĩ gì về hệ thống giáo dục của Nhật Bản?
3349210	Tengo hambre.	654283	Tôi đói.
4426598	Ya quebré tu cenicero.	1572638	Tao đã làm bể đồ gạt tàn thuốc của mày rồi.
4438330	Eres una buena madre.	3680936	Bạn là người mẹ tốt.
1661686	Mastiqué el chicle.	1555103	Tôi nhai kẹo cao su.
4456330	Mastico el chicle.	1555103	Tôi nhai kẹo cao su.
4456593	Ella es independiente de sus padres.	1567326	Cô ấy độc lập khỏi ba mẹ của cô ấy.
4493493	Yo la invité a ver una película.	4456404	Tôi đã mời cô ấy xem phim.
4493495	¿Le has dicho?	4456401	Bạn đã nói với cô ấy chưa?
459235	¿Lo has oído, Mike?	1541868	Bạn có nghe nó không Mike?
576768	Tom es mi amigo.	577172	Tom là bạn của tôi.
1685404	¡Corre!	1541945	Chạy!
1959607	No puedo creerlo.	4608446	Tôi không thể tin được.
1959608	No me lo puedo creer.	4608446	Tôi không thể tin được.
4623088	¿Para qué quieres saber?	4623069	Bạn muốn biết để làm gì?
4638352	Veo un perro.	2712364	Tôi thấy một con chó.
1676462	Por favor, añade un punto final al final de tu frase.	4645296	Khi kết câu làm ơn thêm dấu chấm.
4650042	Que Dios nos ayude.	4650641	Xin Chúa giúp chúng ta.
1751210	¿Por qué la nieve es blanca?	4199924	Tại sao tuyết có màu trắng?
857261	No lo entiendo.	1550805	Tôi không có nó.
4936069	Mi inglés es muy malo.	4936058	Tiếng Anh của tôi rất tệ.
4936120	Ya subió de peso.	4936065	Nó tăng cân rồi.
4943476	Él ha engordado.	4943901	Ông ấy tăng cân rồi.
1532559	Dick planea ir solo.	4948519	Dick dự tính tự đi một mình.
4948526	¿Dónde puedo andar en moto?	4948517	Tôi có thể chạy xe môtô ở đâu?
4948532	Tengo cien pesos.	4948529	Tôi có 100 đồng peso.
6144	¿Dónde vives?	4950230	Bạn sống ở đâu?
1213833	¿Cuál es tu nombre?	4950229	Tên bạn là gì?
454186	¿Qué quieres comer?	4950228	Bạn muốn ăn gì?
4523985	Nací para amarte.	4950227	Anh được sinh ra là để yêu em.
3082629	¡Feliz Día Internacional de la Mujer!	4960649	Chúc mừng ngày Quốc tế Phụ nữ!
3376525	Traducir es agotador.	4997937	Dịch thuật rất mệt mỏi.
4997942	Deberías apagar el teléfono.	4997939	Bạn nên tắt điện thoại.
5040421	Ya ladró el perro.	2482145	Con chó đã sủa.
4520710	No seas tímido.	1558458	Đừng ngại.
4520711	No seas tímida.	1558458	Đừng ngại.
5041666	No lo dudes.	1558458	Đừng ngại.
5041676	No tengas pena.	1558459	Đừng ngượng.
726547	Depende de ti.	2846280	Tùy bạn.
1502706	¡Hola!	1581623	Chào chị!
1502706	¡Hola!	1581624	Chào anh!
1502706	¡Hola!	1581625	Chào em!
2535	¡Date prisa!	3309284	Nhanh lên!
1197317	Ya es tarde.	4199710	Khuya rồi.
2394637	Yo no sé.	5670	Tôi không biết.
891021	¡Qué romántico!	510435	Rất lãng mạn!
377265	Estoy muy cansado.	515284	Tôi rất mệt.
855933	Estoy muy cansada.	515284	Tôi rất mệt.
857207	Soy muy alto.	525606	Tôi rất cao.
1201264	Por favor, no lo olvides.	558967	Xin đừng quên.
1669058	Estoy tomando leche.	563017	Tôi uống sữa.
568767	El café está malo.	563196	Cà phê tồi.
5043416	Tengo muchísima hambre.	724080	Tôi đói quá.
869118	Esto es fácil.	869121	Cái này dễ.
869127	Esto es difícil.	869131	Cái này khó.
5043424	Tom está muy contento.	1558407	Tom rất vui.
524691	¿Y tú?	1581713	Con bận à?
5043829	Mamá no sabe.	1589776	Mẹ không biết.
5043836	¡Cierra el libro!	1808209	Đóng sách lại!
3366985	¿Dónde estará el perro?	2507752	Chó đâu rồi?
3252729	Me voy a dormir.	2667766	Tôi đi ngủ.
855465	Te odio.	2887814	Tôi ghét anh.
941852	Yo iré.	2931557	Tôi sẽ đi.
3523416	Sé leer.	3220343	Tôi đọc được.
2672250	Prohibido estacionar.	3669882	Cấm đậu xe.
465492	No, gracias.	3710653	Không, cám ơn.
5043900	¡No me hagas cosquillas!	4205295	Đừng cù tôi!
4554103	Imposible.	4580272	Không thể nào.
5043912	No hay cómo.	4580272	Không thể nào.
1636008	¡Empuja!	3839322	Đẩy!
1636010	¡Empuje!	3839322	Đẩy!
1636011	¡Empujad!	3839322	Đẩy!
1636012	¡Empujen!	3839322	Đẩy!
351033	Hola, Tom.	497689	Chào Tom.
382058	¡Gracias!	510444	Cám ơn!
431975	Hola.	510482	Chào bạn.
455958	Tengo sed.	516985	Tôi khát.
732034	Por supuesto.	752564	Tất nhiên.
344138	¿En serio?	808938	Thật không?
776396	¿Es cierto?	808938	Thật không?
808949	¿De verdad?	808938	Thật không?
1192287	Naoko nada.	1542205	Naoko bơi.
1280023	Es demasiado grande.	1547265	To quá.
1502706	¡Hola!	2834596	Xin chào!
2864164	Tú corres.	3681115	Bạn chạy.
5046646	¡No lo creo!	5898	Tôi không tin!
543405	Lávate los pies.	337935	Rửa chân đi.
1771991	¡Te amo!	405410	Em yêu anh!
2390592	¡Te quiero!	405410	Em yêu anh!
722528	Me gustan las matemáticas.	509556	Tôi thích toán.
5046923	Hola a todos.	499392	Chào mọi người.
2802	¿Qué quieres?	537033	Bạn muốn gì?
3660216	¿Tú qué quieres?	537033	Bạn muốn gì?
1281228	Sí, lo sé.	566639	Có, tôi biết.
5046929	¡Me está pateando!	660528	Nó đá tôi!
5046936	¿Cuál casa está bonita?	669470	Nhà nào đẹp?
5046937	Va a llover fuerte.	679272	Sẽ mưa to.
375830	¡Cuidado!	749078	Hãy chú ý!
1383049	Ven conmigo.	1543763	Đi với tôi.
434459	Vengan conmigo.	1543763	Đi với tôi.
1126478	¡Ayúdame!	1550859	Cứu tôi với!
464317	¡Espérame!	837460	Đợi tao với!
5046943	Está llorando.	1509600	Nó đang khóc.
331717	Yo me equivoqué.	1510793	Tôi đã sai.
1455648	Tengo sueño.	1516042	Tôi buồn ngủ.
5049084	Eres hermosísima.	1541706	Bạn đẹp quá.
488819	Jim abre la puerta.	1541853	Jim mở cửa.
1279998	Preferiría que no.	1542026	Tôi thà không.
1191760	Estoy comiendo.	1542165	Tôi đang ăn.
5049085	No se puede nadar.	1542956	Không được bơi.
5049411	Es demasiado débil.	1552010	Nó yếu quá.
1205482	Tú no tienes fiebre.	1573873	Bạn không có bị sốt.
1279933	Tom se salpicó agua en su cara.	1573876	Tom vung nước lên mặt.
2832796	Tom tiene el derecho a votar.	1573877	Tom có quyền bầu cử.
1976387	Mi lugar está aquí.	1574379	Chỗ của tôi ở đây.
1976387	Mi lugar está aquí.	1574380	Chỗ của tao ở đây.
860444	Japón no es tan grande como Canadá.	1574383	Japan không to bằng Canada.
5074302	Salió al mar a nadar.	1574395	Nó ra biển để bơi.
686858	Hoy no hace nada de viento.	1574521	Hôm nay chẳng có gió.
5074306	No hay viento hoy.	1574522	Không có gió hôm nay.
5074307	No hay nada de viento hoy.	1574523	Chẳng có gió hôm nay.
5074325	No, no tengo periódico.	1581632	Không, tôi không có báo.
5074326	La señora Ha tiene una casa chiquita.	1581642	Cô Hà có nhà nhỏ.
5074328	Estas son revistas viejas.	1581652	Đấy là tạp chí cũ.
5074332	¿Qué cuaderno es este?	1581672	Đây là quyển vở gì?
5075260	Estos son tus libros.	1581820	Đây là sách của bạn.
5075261	Nosotros somos estadounidenses.	1581763	Chúng tôi là người Mỹ.
5075263	Iremos a Palau.	1581758	Chúng ta sẽ tới Palau.
5075265	¿Qué idioma habla ella?	1581677	Cô ấy nói tiếng gì?
5075270	Esa camiseta es azul.	1581680	Chiếc áo đó màu xanh.
5075271	Esa camiseta es verde.	1581680	Chiếc áo đó màu xanh.
5075272	¿Cuál es el idioma más difícil?	1581685	Ngôn ngữ nào khó nhất?
5075275	Papá compró esta casa.	1581688	Bố mua cái nhà này.
5075281	Sería mejor ir a la cárcel.	1581702	Thà ngồi tù còn hơn.
5075289	¿Qué será lo que está buscando él?	1581707	Nó tìm kiếm gì nhỉ?
5075296	Está hermosísimo el cielo, ¿no?	1581795	Bầu trời tuyệt đẹp nhỉ?
5075298	¡Nos estamos cayendo!	1581812	Chúng ta đang rơi xuống!
5075306	Las islas son de adeveras.	1581817	Hòn đảo là có thật.
1586861	No, soy inglés.	1581667	Không phải, tôi là người Anh.
1586861	No, soy inglés.	1586868	Không, tao là người Anh.
1586861	No, soy inglés.	1588905	không phải, tớ là người Anh.
1586861	No, soy inglés.	1588906	Không phải, mình là người Anh.
5075351	Realmente no lo sé.	1586964	Tôi thật sự không biết.
5075352	Sí que no lo sé.	1586964	Tôi thật sự không biết.
5075356	Ustedes son muy valientes.	1587970	Các bạn rất dũng cảm.
577602	Cierra tu libro.	1808210	Đóng sách của bạn lại!
5075358	Me encanta esa casa.	2520970	Tôi yêu căn nhà đó.
768629	No le hagas caso.	2820314	Đừng để ý đến nó.
5075364	¿Ya está satisfecho?	2820322	Ông ta hài lòng chưa?
5075365	¿Ya está satisfecho el señor?	2820322	Ông ta hài lòng chưa?
5075366	Quiero que conozcas a Tom.	2857872	Tôi muốn bạn gặp Tom.
2421408	Tengo dos gatos.	2908892	Tôi có hai con mèo.
5075370	Usted ya no me agrada.	2857900	Tớ không thích cậu nữa.
794537	Ya no me gustas.	5725	Tao không thích mày nữa.
5075371	Ya no me agradas.	5725	Tao không thích mày nữa.
5087459	El pato grazna cuac cuac.	409556	Con vịt kêu quác quác.
1386623	Tom no come carne.	5142840	Tom không ăn thịt.
615889	No estoy acostumbrado a hablar en público.	5339120	tôi không quen với việc nói trước đám đông
5364265	Tom se ve igualito a su padre.	4785947	Tom trông giống hệt bố anh ta.
5364269	Siempre repite los mismos viejos argumentos.	934747	Nó luôn lặp lại y hệt luận điệu cũ.
5780351	Por favor, explíquenos la razón por la cuál ella fue arrestada.	337917	Xin hãy giải thích lý do vì sao cô ta đã bị bắt giữ.
5781490	Creo que Tatoeba está algo lento por hoy.	543623	Tôi cho rằng hôm nay Tatoeba khá chậm.
5781491	Pienso que Tatoeba está un poco lento hoy.	543623	Tôi cho rằng hôm nay Tatoeba khá chậm.
941888	No me gusta el chocolate.	6639464	Mình không thích sô-cô-la.
853684	Él salió de la habitación sin decir ninguna palabra.	8423103	Anh ấy rời khỏi phòng mà không nói bất kỳ một lời nào
4945622	Ella es confiable, educada y muy informada.	8798793	Cô ấy là một người đáng tin cậy, lịch sự và có hiểu biết.
1731773	Este bolígrafo se secó.	8836606	Cái bút này hết mực rồi.
2897509	La lectura para el espíritu, es algo como la comida para el cuerpo.	8974536	Việc đọc sách đối với tinh thần cũng giống như thức ăn đối với cơ thể vậy.
2860684	Taro retiró diez mil yenes del banco.	9007417	Taro đã rút 10000 yên từ ngân hàng.
1057957	Es hora de dormir.	8890746	Sắp đến giờ ngủ rồi đó.
9145671	Ni me importa una mierda.	8997767	Tao đéo care.
9145671	Ni me importa una mierda.	8997762	Tôi đếch quan tâm.
9145671	Ni me importa una mierda.	8997760	Tôi đéo quan tâm.
9145675	¡Tengo un vergón!	8990219	Tôi có cặc to!
9145680	¡Tengo una gran polla!	8990219	Tôi có cặc to!
9145683	¡Tengo una pija enorme!	8990219	Tôi có cặc to!
9145684	¡Tengo una verga gigante!	8990219	Tôi có cặc to!
9145687	¡Tengo un huevazo!	8990219	Tôi có cặc to!
9340751	Escribo sobre mí.	9340742	Tôi viết về tôi.
9340792	Ella canta con nosotros.	9340787	Cô ấy hát cùng chúng tôi.
9340812	Feliz año nuevo.	9340804	Chúc mừng năm mới.
9340836	Por favor ven con nosotros.	9340830	Hãy đi với chúng tôi.
9340847	No comas arroz con pan.	9340844	Đừng ăn cơm với bánh mì.
9340866	Por favor no cantes conmigo.	9340860	Làm ơn, đừng hát cùng tôi.
9340878	Él nos dice que no compremos la camiseta.	9340874	Anh ấy nói chúng tôi đừng mua cái áo.
9340895	Por favor dale esta mesa a él.	9340891	Làm ơn, hãy đưa cái bàn này cho anh ấy.
9340907	Ellos me dan un libro viejo.	9340902	Họ tăng tôi một quyển sách cũ.
9687107	La dejaré ir.	9687106	Tôi sẽ để cô ấy đi.
9687111	Ellos están a punto de irse.	9687109	Họ sắp đi.
9687115	El gato está a punto de desayunar.	9687113	Con mèo sắp ăn bữa sáng.
9687257	Quiero poder comunicarme en inglés fluidamente.	7884820	Tôi muốn có thể giao tiếp tiếng Anh thành thạo.
9687265	Aceptamos tu reto.	9011159	Chúng tôi chấp nhận thử thách của bạn.
