1705	I'm tired.	1550931	Мен шаршадым.
2344	Better late than never.	1517242	Ештен кеш жақсы.
20086	All that glitters is not gold.	1517271	Жарқырағанның бәрі алтын емес.
23957	What do you do in your free time?	1550954	Сіз бос уақытыңызда не істейсіз?
25029	What's new?	1550927	Жаңалық бар ма?
25095	Can I help you?	1520220	Сізге жәрдем беруге бола ма?
27821	January is the first month of the year.	1518472	Жылдың бiрiншi айы - қаңтар.
30533	Of course I will go.	1528824	Әрине, мен барамын.
34306	This is Brian Rock.	457805	Бұл Брайан Рок.
38064	By the way, how old are you?	1560497	Айтпақшы, жасың нешеде?
38153	Where do you work?	875095	Қайда жұмыс істейсіз?
38153	Where do you work?	2734714	Қайда жұмыс істейсін?
40154	I met him just now.	1550008	Мен жаңа ғана оны таныстым.
42849	What is it?	1521777	Мынау не?
57524	This thin book is mine.	3091630	Бұл жұқа кітап менікі.
61484	This is my daughter.	883955	Бұл менің қызым.
63957	Is your mother at home?	1550004	Мамаң үйде ме?
69003	Do you know him?	2428420	Сен оны білесің бе?
138919	Welcome.	437434	Қош келдіңіздер!
238802	There is no air on the moon.	1518360	Айда ауа жоқ.
240422	There are lots of animals in the park.	2297402	Саябақта көп жануарлар бар.
242597	Where is today's paper?	1556772	Бүгінгі газет қайда?
4731122	We have a square table.	1518337	Бізде төрткіл үстел бар.
290660	He made good use of the opportunity.	2428424	Ол мүмкіншілігін қолдана білді.
295346	He is a teacher.	3551574	Ол мұғалім.
298949	He raised his hand to ask a question.	1356872	Сұрақ қою үшін қолын көтерді.
321732	I'll stay home.	1520239	Мен үйімде қаламын.
329713	Good morning!	3552552	Қайырлы таң!
338182	All human beings are born free and equal in dignity and rights. They are endowed with reason and conscience and should act towards one another in a spirit of brotherhood.	532206	Барлық адамдар тумысынан азат және қадір-қасиеті мен кұқықтары тең болып дүниеге келеді. Адамдарға ақыл-парасат, ар-ождан берілген, сондықтан олар бір-бірімен туыстық, бауырмалдық қарым-қатынас жасаулары тиіс.
349064	I don't know.	1520200	Мен білмеймін.
356200	Who are you?	876921	Сіз кімсіз?
361350	Happy New Year!	437411	Жаңа жылыңызбен!
373330	Hello!	509821	Сәлем.
404592	There is a metro in Kazan.	1517404	Қазанда метро бар.
413731	One, two, three, four, five, six, seven, eight, nine, ten.	895557	Бiр, екi, үш, төрт, бес, алты, жетi, сегiз, тоғыз, он.
416367	Where are you going?	1520173	Сен қайда барасың?
433680	That's enough.	1553131	Осы да жеткілікті.
436243	How old are you?	3552539	Сіздің жасыңыз нешеде?
436293	I am a doctor.	1518837	Мен дәрігермін.
437360	People of Almaty, let us create a child-friendly city!	437352	Алматылықтар, балалар үшін мейірімді қала жасайық!
437368	Celebrate in style!	437364	Ерекше атап өт!
437377	Siemens. No family can do without us.	437373	Сименс. Біз әр жанұяға қажетпіз.
437383	Almaty is my favorite city!	437381	Алматы - менің сүйікті қалам!
437397	They took away all of our paperwork.	437393	Олар бізден барлық қагаз жұмысты өзіне алды.
437422	Get both a phone and internet access in a single package!	437419	Интернет пен телефонды бір жинақта сатыл ал!
437430	You want to work at METRO?!	437426	Сен МЕТРО-да жұмыс істегің келе ме?!
437442	You are a toilet!	437440	Сен дәретхана!
437454	Unity is our strength!	437451	Біздің күшіміз - бірлікте!
438570	Freshness is our top priority.	438568	Жақа құйылған — ең бастысы.
438573	Be yourself!	438571	Еркің өзіңде болсын!
438576	Every day has a sequel.	438574	Батар күннің атар таңы бар.
438579	Our rates are now lower!	438577	Біздің тарифтеріміз азайтылды!
438582	The quality of higher education must answer to the highest international standards.	438580	Жоғары білім сапасы ең жоғары халықаралық талаптарға жауап беруі тиіс.
438585	There's no food right now.	438583	Әзір тамақ жоқ.
438599	This is made in Kazakhstan.	438595	Бұл Қазақстанда жасалған.
448645	Thanks!	3594303	Рахмет!
452769	Who's this?	438587	Мынау кім?
453790	I don't want meat.	2340141	Ет қаламаймын.
456287	Ladies and gentlemen, please sit down.	1526948	Ханымдар мен мырзалар, отырыңыздар.
477061	No.	478744	Жоқ.
477086	Yes.	509767	Иә.
497969	See you tomorrow.	3552548	Ертеңге дейін!
499689	Good afternoon.	3552552	Қайырлы таң!
2793249	I have a book.	3685890	Менің кітабым бар.
516622	This book is mine.	3091628	Бұл кітап менікі.
559672	Good morning, ladies and gentlemen!	1526945	Қайырлы таң, ханымдар мен мырзалар!
582309	I need help.	1549933	Маған көмек керек.
719306	Do you speak Spanish?	1550944	Сіз испанша сөйлейсіз бе?
733182	The ticket is good through Monday.	1518469	Билет дүйсенбiге дейiн нақты.
757406	Thanks for the information.	2839210	Хабарыңызға рақмет!
855284	Good day!	1517391	Қайырлы күн!
939683	A week is divided into seven days: Monday, Tuesday, Wednesday, Thursday, Friday, Saturday, and Sunday.	1518370	Апта жетi күн жiктеледi: дүйсенбi, сейсенбi, сәрсенбi, бейсенбі, жұма, сенбі, жексенбi.
978547	This is not a cat. This is a dog.	3296451	Бұл мышық емес. Бұл ит.
980457	Will you come with me to the concert?	2767116	Менімен концертке келесің бе?
1037900	What can I do for you?	3551571	Сіз үшін не істей аламын ?
1099054	She is a beautiful woman.	3686241	Ол әдемі әйел.
1108683	See you tomorrow!	3552548	Ертеңге дейін!
1211854	I was born there.	1518676	Мен анда дүниеге келдiм.
1342132	I have an electric guitar.	1519727	Менде электрогитара бар.
1389785	I need a translator.	1496122	Маған аудармашы керек.
1399479	Burj Khalifa is currently the tallest skyscraper in the world.	1535271	Бүгінгі күнде Бурж Халифа әлемдегі ең биік ғимарат.
1494374	I want to study German.	1494389	Мен немiс тiлiн үйренгiм келейдi.
1518120	The most important things for our nation are unity, interethnic harmony and political stability.	1518117	Біздің халқымызға ең керегі - бірлік, ұлтаралық татулық пен саяси тұрақтылық.
1518394	Monday is a hard day.	1518392	Дүйсенбі – ауыр күн.
1518826	The work is a whole day.	1518822	Жұмыс тәулік бойы істеледі.
1520150	I live in Shymkent.	1520144	Мен Шымкентте тұрамын.
1520245	I like it.	1520242	Бұл маған ұнап тұр.
1535873	I am 24 years old.	1518810	Мен жиырма төрт жастамын.
1535873	I am 24 years old.	1518811	Мен 24 жастамын.
1547660	My younger brother went to school.	1520908	Інім мектепке кетті.
1547662	This is a name.	1520247	Мынау - ат.
1547670	I came earlier than him.	1520957	Мен одан ертерек келдім.
1547672	I came earlier than her.	1520957	Мен одан ертерек келдім.
1547683	The work goes around the clock.	1518822	Жұмыс тәулік бойы істеледі.
1547685	I will shoot her.	1358781	Мен оны атып тастаймын.
1547694	His words are meaningless.	1520974	Сөзінің маңызы жоқ.
1547698	Is it ok if I help you?	1520220	Сізге жәрдем беруге бола ма?
1547712	The rampant sickness spread to many countries.	1520939	Індет көп елді жайлады.
1547716	She raised her hand to ask a question.	1356872	Сұрақ қою үшін қолын көтерді.
1547718	I want to write some spoken words.	1520928	Біреудің айтуымен жазғым келеді.
1547719	I want to take dictation.	1520928	Біреудің айтуымен жазғым келеді.
1547724	Today is the second of January.	1518473	Бүгiн екiншi қаңтар.
1547726	Monday is a difficult day.	1518392	Дүйсенбі – ауыр күн.
1547728	I'm staying home.	1520239	Мен үйімде қаламын.
1547730	I stay home.	1520239	Мен үйімде қаламын.
1547734	You just killed me.	1520990	Өлтірдің ғой мені.
1547738	You kill me!	1520990	Өлтірдің ғой мені.
1547744	Every day has a continuation.	438574	Батар күннің атар таңы бар.
1548635	Thanks to my classmates, who helped me during hard times!	1548633	Қиын шақта көмектескен сыныптастарыма рақмет!
1549832	First of all, let me speak about myself.	1547781	Бiрiншiден, өзiм туралы айтайын.
1549833	This text is not a translated text.	1547772	Бұл мəтiн – аударылған мəтiн емес.
1549834	I will try to write in Kazakh myself.	1547766	Мен өзiм Қазақша жазуға тырыстым.
1549835	Of course, there will probably be many mistakes.	1547764	Əрине, көп қателер болатын шығар.
1549836	I have my goals, plans, and reasons for learning Kazakh language.	1547762	Қазақ тiлiн үйрену үшiн менiң мақсаттарым, жоспарларым, себептерiм бар.
1549837	I have no statistics.	1547761	Менде санақтар жоқ.
1549840	Marriage is a unity made from love.	1549839	Неке – махаббаттан жасалған бiрлiк.
1549842	Was Mother Teresa a good woman?	1549841	Мать Тереза жақсы əйел болды ма?
1549844	Is Mother Teresa a good person?	1549843	Мать Тереза жаксы әйел бола ма?
1549846	I don't know who a role model for me would be.	1549845	Мен үшiн кiм үлгi болатынын бiлмеймiн.
1549848	Usually newspapers and magazines have many opinions.	1549847	Əдетте газеттерде жəне журналдарда көп пiкiрлер бар.
1549850	In the Soviet Union, there were maybe only official or political ideas.	1549849	Кеңес одағында, мүмкiн ресми немесе саяси ойлар ғана болды.
1549852	For example, the idea of marriage is a religious idea, a thing that comes from God.	1549851	Мысалы, «неке» деген ой – дiни ой, құдайдан келген нəрсе.
1549854	However, your wedding, it is yours and made from your own choices.	1549853	Бiрақ сiздiң некеңiз, ол сiздiкi – өз таңдауыңызбен жасалған.
1549856	So, after the death of the prophet, we are again alone.	1549855	Сосын, пайғамдар қайтыс болғаннан кейiн, бiз тағы да жалғызбыз.
1549858	First of all let me speak about the meaning of these words.	1549857	Бiрiншiден мен бұл сөздердiң мағынасы туралы айтайын.
1549860	In my opinion, in Kazakh there are many words that come from other languages, but there's nothing wrong with that.	1549859	Менiң пiкiрiмше, қазақ тiлiнiң iшiнде басқа тiлден келген сөздер көп, ал бұл жаман емес.
1549862	Music is a God given gift.	1549861	Музыка – құдайдың берген сыйы.
1549898	A wooden-legged, glass-eyed mother is coming.	1549897	Aғаштан жасалған аяғы бар, әйнектен жасалған көзi бар ана саған келе жатыр.
1549899	A mother with a wooden leg and glass eye is coming.	1549897	Aғаштан жасалған аяғы бар, әйнектен жасалған көзi бар ана саған келе жатыр.
1549900	That night, Asem broke five dishes.	1549894	Сол түнде, Әсем бес ыдысты сындырды.
1549901	First Asem, then Saule started to cry.	1549893	Бiрiншi Әсем, содан Сәуле жылай бастады.
1549902	But Saule didn't want to go.	1549891	Бiрақ Сәуленiң кеткiсi келмедi.
1549903	Saule, give me the drum.	1549890	Сәуле, дағырамды бершi.
1549904	Saule, give the drum.	1549890	Сәуле, дағырамды бершi.
1549905	One gypsy family with their caravan was encamped.	1549889	Бiр сыған отбасы өзiнiң керуенiмен тұрып жатқан екен.
1549906	Every day the girls used to walk to the village to look for work, after which they would give the money they found to their mother.	1549888	Күн сайын қыздар ауылға жаяу жұмыс iздеуге баратын, содан кейiн тапқан ақшасын анасына беретiн.
1549907	They lived in a village close to a forest.	1549887	Олар орманның жанындағы ауылда тұратын едi.
1550023	This is a waterproof watch.	1518415	Мынау - су сіңірмейтін сағат.
1550024	This is a waterproof clock.	1518415	Мынау - су сіңірмейтін сағат.
1550026	The dogs barked all night.	1518425	Иттер түнi бойы үрдi.
1550027	I will miss you.	1518439	Мен сені сағынамын.
1550029	He said that Tokyo is a safe city.	1518446	Ол деп айтты, Токио - қауiпсiз қала.
1550031	A hungry child doesn't play with a full child.	1518486	Аш бала тоқ баламен ойнамайды.
1550032	A hungry child isn't going to play with a full child.	1518486	Аш бала тоқ баламен ойнамайды.
1550899	During the Soviet Union, there were two big newspapers - "Pravda" and "Izvestiia."	1550898	Кеңес одағында, екi үлкен газет болған екен – «Правда» және «Известия».
1550900	The "Bolashak" program is very useful.	1550897	«Болашақ» бағдарламасы өте пайдалы болып жатыр.
1550902	If the government wants to write news, it is not news.	1550901	Егер үкiмет жаңалықты жазғызса, жаңалық емес.
1550904	Kazakhstan is one of the developed countries in Central Asia.	1550903	Қазақстан – Орта Aзияның дамыған елдерiнiң бiрi.
1550906	Because the president is a human being, making mistakes is possible.	1550905	Президент адам болғандықтан, қателер iстеуi мүмкiн.
1550908	The journalists in Russia are not free, are not independent.	1550907	Ресейдегi журналистика еркiн емес, тәуелсiз емес.
1550910	In Soviet times, each government made propaganda.	1550909	Соғыс кезiнде, әр үкiмет пропаганда жасайды.
1550912	America is not the most democratic nation.	1550911	Aмерика ең демократиялы ел емес.
1550919	When we tell such lies, I think we are informing others about our own selves.	1550916	Бiз осылай өтiрек айтқанда, бiз өзiмiз туралы хабарлаймыз, деп ойлаймын.
1550929	What's new with you?	1550926	Жаңалығыңыз бар ма?
1550930	Do you have any news?	1550926	Жаңалығыңыз бар ма?
1550934	Are the students sitting in the auditorium?	1550933	Студенттер аудиторияда отыр ма?
1550935	Do the students sit in the auditorium?	1550933	Студенттер аудиторияда отыр ма?
1550938	Will you eat dinner?	1550936	Кешкі тамақ ішесің бе?
1550941	I don't eat meat.	1550940	Мен ет жемеймін.
1550943	Where is the nearest store?	1550942	Жақын жердегі дүкен қайда?
1550947	What languages do you know?	1550946	Сіз қандай тілдерді білесіз?
1550949	No, I am not married.	1550948	Жоқ, үйленген жоқпын.
1550951	I am single.	1550950	Мен бойдақпын.
1550958	In his free time, he likes to be on the Internet.	1550957	Ол бос уақытында интернетте отыруды жақсы көреді.
1550959	In her free time, she likes to be on the Internet.	1550957	Ол бос уақытында интернетте отыруды жақсы көреді.
1553088	He doesn't know the Kazakh language.	1553068	Ол қазақ тілін білмейді.
1553089	She doesn't know the Kazakh language.	1553068	Ол қазақ тілін білмейді.
1560467	I don't speak Kazakh.	1560465	Мен қазақша сөйлемеймін.
1560467	I don't speak Kazakh.	1560468	Мен қазақша сөйлей алмаймын.
1564112	I will spend my next year vacation abroad.	1564107	Келесі жылы демалысымды шетелде өткіземін.
1570104	I will wait outside.	1569213	Тыста күтемін.
1580370	Please follow the school rules.	2428422	Мектеп ережелерін ұстануыңызды өтінеміз.
1597521	The Mongolian dinosaur was sold in New York for a million dollars.	1585442	Моңғол динозавры Нью-Йоркте миллион долларға сатылды.
1869830	Your room is dirty.	3573692	Сенің бөлмен кір.
1900777	When did you come?	3552592	Қашан келдіңіз?
2102665	Made in Russia.	2102663	Ресейде өндірілген.
2225415	Sugar is soluble in water.	2226005	Қант суда еритін.
2258234	Good morning.	3552552	Қайырлы таң!
2265983	Good evening!	3552559	Кеш жарық!
2317690	Do you want my heart between your teeth?	2340130	Жүрегімді тістерінің арасында қалайсың ба?
2402475	April 25th is World Malaria Day.	2402465	25 сәуір - бүкіләлемдік безгекке қарсы күрес күні.
2412739	I have two cats.	2927652	Менің екі мысығым бар.
2604279	What does a Sovietologist study?	2623602	Советологтар нені зерттейді?
1194034	I'm not a doctor.	2661345	Мен дәрігер емеспін.
2659619	He was in the seventh heaven.	1534058	Оның төбесі көкке жетті.
2666720	Do you have a book?	3685898	Сенің кітабың бар ма?
2686464	Children are the flowers of our lives.	2768803	Балалар өміріміздің гүлдері.
2730653	I am an engineer.	2296461	Мен инженермін.
2730657	He is not a student.	2297397	Ол студент емес.
2730661	She is not a student.	2297397	Ол студент емес.
2744109	Don't eat me.	2744107	Сен мені жеме.
2940527	We don't have a daughter.	2942291	Біздің қызымыз жоқ.
2940747	I haven't got books.	2942280	Менің кітаптарым жоқ.
3551575	Translate the word.	3551576	Сөзді аударыңыз.
3552554	Good afternoon!	3552552	Қайырлы таң!
1285339	How do you do?	3552562	Сәлеметсіз бе!
373330	Hello!	3552564	Сәлем!
373320	How are you?	3552574	Қаліңіз қалай?
1165055	Fine!	3552576	Тамаша!
3553092	Do you know much about Boston?	3554515	Бостон жайлы көп білесіз бе?
3553094	Do you know much about Tom?	3554514	Том жайлы көп білесіз бе?
3553096	This is the guitar that Tom gave me.	3554513	Том маған берген гитара осы.
2208343	Am I alone here?	3554511	Мен бұл жерде жалғызбын ба?
3553374	Has the climate changed?	3554470	Ауа райы өзгерді ме?
3553533	We will decide later.	3554469	Біз кейін шешерміз.
3554348	Have you ever eaten Turkish food?	3554466	Сіз Түркияның тамағын жеп көрдіңіз бе?
3554360	Have you ever eaten Mexican food?	3554464	Сіз Мексиканың тамағын жеп көрдіңіз бе?
3554420	Good morning. It's time to get up.	3554462	Қайырлы таң. Тұратын уақыт болды.
3554426	Why is everybody laughing?	3554461	Бәрі неге күліп жатыр?
3588238	I am also happy.	3588224	Мен де өте қуаныштымын.
374827	Thank you!	3594303	Рахмет!
3596655	Elmira is always having a row with her neighbour.	3596660	Эльмира үнемі көршісімен ұрысып жүреді.
3596665	Zhanar Amantaevna tosses good ideas in organizing school holiday for our children.	3596669	Жанар Амантаевна біздің балалардың жазғы демалысын ұйымдастыруда жақсы ой тастайды.
3663249	There are islands in the sea.	3667088	Тенізде аралдар бар.
3685878	I have a notebook.	3685879	Менің дәптерім бар.
3685893	I don't have a book.	3685894	Менің кітабым жоқ.
3689732	I will never forget this day.	3689734	Мен бұл күнді ешқашан ұмытпаймын.
16492	What are you doing?	1358715	Не істеп отырсың?
2566189	My name is Emily.	3714397	Менің атым Эмили.
361350	Happy New Year!	3621055	Жаңа жыл құтты болсын!
3651741	I like chicken.	3758598	Маған тауық еті ұнайды.
3817198	How many girls are there in this picture?	3817206	Бұл суретте қанша қыз бар?
38104	Where do you want to go?	3834681	Қайда барғың келеді?
3812934	The bird is in the sky.	3834707	Құс аспанда.
2330219	She had no money.	3835514	Оның ақшасы жоқ екен.
3795176	Do you have WhatsApp?	3837738	Сенде ВатсАп бар ма?
729048	This is my horse.	3839141	Бұл менің атым.
3651741	I like chicken.	3839150	Мен тауықты жақсы көремін.
3410116	The eagle is white.	3839152	Бүркіт ақ.
65115	I'm fine, thank you.	3924134	Рақмет, жақсы.
1674428	I'm fine, thank you!	3924134	Рақмет, жақсы.
499617	Nice to meet you.	3924149	Танысқанымызға қуаныштымын.
378270	Do you speak English?	3924158	Сіз ағылшынша сөйлейсіз бе?
3943105	Everyone has the right to personal liberty.	2683547	Әркiм өзiнiң жеке басының бостандығына құқығы бар.
2573472	It is raining cats and dogs.	1521927	Жаңбыр саулап құйып тұр.
361350	Happy New Year!	4061511	Жaңa жылыңыз құтты болсын.
2208340	I'm not alone.	4119154	Мен жалғыз емеспін.
1887384	I have to go.	4256029	Баруым керек.
2360521	I have to go there.	4256031	Онда баруым керек.
2162942	I live in Kazakhstan.	4523452	Мен Қазақстанда тұрамын.
506446	Don't worry.	4776452	Абыржымаңыз.
4844536	If not now, when?	4844543	Қазір болмаса, енді қашан?
433727	I'm really tired.	4913479	Мен қатты шаршадым.
5020851	What's Tom doing today?	5021651	Том бүгін не істеп жатыр?
36419	Why?	809901	Неге?
766635	My name is Sally.	949108	Менің атым Сәлі.
1173265	My name is Tom.	1549931	Менiң атым - Том.
387708	Where is the newspaper?	1356848	Газет қайда?
319990	I know.	888646	Бiлемiн.
433730	Of course!	825808	Әрине!
5126113	I am living in Japan.	797259	Мен Жапонияда тұрамын.
5126118	What is in your hands?	1356864	Қолыңдағы не?
5126122	Is this a new photo?	1358730	Бұл жаңа фотография ма?
392210	What is this?	1358714	Бұл не?
5126128	Happy birthday, Muriel!	1358703	Туған күніңмен, Мюриэл!
1308	I miss you.	1358744	Мен сені сағындым.
2233700	This is interesting.	1358835	Бұл қызық.
1434	I love you.	1358888	Мен сені сүйемін.
410751	I like you.	1358887	Мен сені жақсы көрем.
2271878	I don't like it.	1358851	Бұл маған ұнаған жоқ.
2527458	You are right.	1358931	Сенікі дұрыс.
1646	My name is Jack.	1358920	Менің атым Джек.
4340997	Impossible!	1358910	Мүмкін емес!
2527458	You are right.	1358933	Дұрыс айтасың.
2233709	This is mine.	1518407	Бұл менікі.
5126155	My father is an English language teacher.	1517421	Әкем - ағылшын тілі мұғалімі.
1097988	You are my mother.	1519712	Сен менің анам.
516321	Today is Monday.	1519694	Бүгін Дүйсенбі.
1097988	You are my mother.	1519713	Сен менің шешем.
740214	I am a woman.	1521006	Мен әйел.
266436	What are you going to do over the weekend?	5262161	Демалыс күндері не істемексің?
263582	I've got a toothache. The pain is killing me.	5262169	Менің тісім ауыруда. Ауруы адам өлтірерліктей.
258163	I sometimes cook dinner.	5262171	Мен кейде кешкі ас дайындаймын.
4014111	What does Tom plan to do now?	5262173	Том енді не істеуді жоспарлауда?
3908688	Don't tell her about this.	5262174	Оған бұл туралы айтпа.
2549054	I'm not paid much.	5262175	Мен көп жалақы алмаймын.
373216	Really?	5262176	Рас па?
373216	Really?	5262177	Шын ба?
433510	Wonderful!	3552576	Тамаша!
1068125	Goodnight!	5262179	Қайырлы түн!
1329	Hurry up.	5262180	Тездет.
1690	Nobody came.	5262182	Ешкім келмеді.
5308161	Turtles don't have teeth.	5310152	Тасбақалардың тістері жоқ.
5375895	He came by train.	5375952	Ол поезбен келді.
5375857	I don't like being laughed at.	5375955	Мені күлкі қылғанды ұнатпаймын.
5375856	I hate being laughed at.	5375959	Мені күлкі қылғанды жек көремін.
5375850	Focus on the present moment.	5375965	Қазіргі сәтке көңіліңді бөл.
5375848	There are no Walmarts in Germany.	5375969	Германияда Уолмарт жоқ.
5375844	Tom showed me his portfolio.	5375971	Том маған портфолиосын көрсетті.
5375842	Focus on the task at hand.	5375979	Қолдағы тапсырмаға ден қой.
5375835	A family of gnomes lives in a small house under this tree.	5375982	Гномдар жанұясы теректің астындағы кішкентай үйде тұрады.
5375749	No, you are not crazy.	5375985	Жоқ, сенің есің ауыспаған.
5325350	I still haven't found work.	5375988	Мен әлі жұмыс таппадым.
5325375	What would you like to eat for dinner?	5375989	Кешкі асқа не жейсің?
5332944	Tom says he doesn't have any regrets.	5375990	Том еш өкінші жоқтығын айтты.
5332947	Three people were slightly injured.	5375992	Үш адам жеңіл жарақаттанды.
5332946	Tom taught me a lot of useful things.	5375993	Том маған көптеген пайдалы нәрселер үйретті.
5332949	Didn't I tell you to close the door?	5375994	Есікті жап деп айтпадым ба саған?
5332951	I know exactly what you're thinking.	5375996	Сенің не ойлап отырғаныңды анық білемін.
5332952	I don't want to talk to Tom right now.	5375998	Дәл қазір Томмен сөйлескім келмейді.
5332953	I never actually wanted to go there.	5376000	Ол жерге ешқашан барғым келмеген.
5325193	I wouldn't have been able to do it without you.	5376002	Сенсіз оны жасай алмас едім.
5323459	When have you ever done anything for me?	5376004	Мен үшін қашан бір нәрсе жасап едің?
5323428	I hope I'm not interrupting you.	5376006	Сізді бөлмедім деп үміттенемін.
5322727	The sun is at the center of our solar system.	5376011	Күн біздің күн жүйеміздің ортасында орналасқан.
5322691	Mars is half the size of Earth.	5376013	Марс жердің жарты өлшеміндей.
5322552	The South Pole is a lot colder than the North Pole.	5376015	Оңтүстік полюс солтүстік полюстен әлдеқайда салқын.
5322474	You're going to get us both killed.	5376017	Сен екеумізді де өлтіріп тыңасың.
5321815	I washed my feet.	5376019	Мен аяғымды жудым.
300501	He was sitting surrounded by the students.	5388657	Ол студенттермен қоршалған отырған еді.
5725174	He has got a job.	1565592	Ол жұмысқа кірді.
3861611	Water is life.	5978198	Тіршілік арқауы — су.
586472	I play football every day.	5376035	Мен күнде футбол ойнаймын.
6488893	May you be rich!	5262166	Бай болыңыз!
515085	What is love?	5126083	Бұл не - махаббат?
6488895	This is true love!	5126084	Бұл нағыз махаббат!
6488896	What love!	5126063	Қандай махаббат!
6488897	Peace and love.	5126064	Бейбітшілік пен махаббат.
6488898	I don't fly.	5126049	Мен ұшақпен ұшпаймын
6488900	Are you learning Kazakh?	5126053	Сiз қазақ тiлiн үйренесiз бе?
6488902	This is a really good book!	5126057	Қандай жақсы кiтап!
6488905	I am also pleased to meet you.	5125278	Мен де сізбен танысқаныма қуаныштымын.
6488908	Is your country of birth Kazakhstan?	5125283	Сіздердің туған елдеріңіз Қазахстан шығар?
6488912	If all goes well, we will meet again.	5125267	Амандық болса тағы кездесерміз.
6488913	How is your health?	5125257	Денсаулығыңыз қалай?
6488916	We are expecting you!	5125260	Біз сізді күтеміз!
6488920	Last week my uncle loaned me ten dollars, and as of today I haven't paid it back.	4700210	Өткен аптада ағам он доллар қарызға берді, және осы күнге дейін қарызды қайтармадым.
6488921	He gave his place to an old man.	4700207	Ол қарт кісіге орынды берді.
6488925	Lending spoils relationships.	4685855	Қарыз қатынас бұзады.
1845236	She's the most beautiful woman.	6887567	Ол ең әдемі әйел.
7855057	Where's the nearest store?	1550942	Жақын жердегі дүкен қайда?
4531571	Today's Tom's birthday.	7889068	Бүгін Томның туған күні.
4531571	Today's Tom's birthday.	7889069	Бүгін Томның туылған күні.
280081	Statistics indicate that our living standards have risen.	7889477	Статистикаға сүйенсек, біздің өмір деңгейіміз өсуде.
280081	Statistics indicate that our living standards have risen.	7889479	Статистика біздің өмір деңгейіміздің өскенін көрсетуде.
63373	You must be a good cook.	7889481	Сен тамақты жақсы пісіретін сияқтысың.
591201	I saw you cooking.	7889487	Сенің тамақ пісіріп жатқаныңды көрдім.
2011870	I don't want to go back.	7889489	Оралғым келмейді.
3998304	Dan changed Linda's life.	7889492	Дэн, Линданың өмірін өзгертті.
3918999	I forgot to call you.	7889501	Мен саған қоңырау шалуға ұмытып кеттім.
2111745	I'm confident.	7889504	Мен сенімдімін.
2688932	Betting on human stupidity is always a good bet.	7889507	Адамның топастығына бәс тігу - әрқашан жақсы бәс.
3910518	I just saw her three hours ago.	7889510	Мен оны үш сағат бұрын ғана көрдім.
5147430	Tom gained American citizenship.	7889513	Том, АҚШ азаматтығын алды.
1095753	Tom bought a piece of land not far from where Mary lives.	7889530	Tom, Mary yashaydigan joydan uzoq bo'lmagan yer uchastkasini sotib oldi.
3431071	Tom knows a lot about baseball.	7889537	Том бейсбол жайында көп нәрсе біледі.
3045763	I'm tired of standing here waiting.	7889541	Осында күтіп тұрудан шаршадым.
72233	"Doc" is an abbreviation of "doctor".	7889545	"Док" дегеніміз "доктор" сөзінің қысқармасы.
7146034	Tom is a pretty good guy, isn't he?	7889552	Том өте жақсы жігіт, солай емес пе?
6529194	Tom doesn't want to drink champagne.	7889557	Том аққайнар ішкісі келмейді.
6948500	I'll be there by Monday.	7889559	Мен дүйсенбіге қарай сонда боламын.
3410922	Tom is swimming in the neighbor's pool.	7889561	Том, өз көршісінің әуітінде жүзіп жатыр.
6529309	I don't think I'll be here tomorrow.	7889563	Ертең осында боламын деп ойламаймын.
7123744	I didn't know how long I'd been asleep.	7889565	Қанша уақыт бойы ұйықтайтынымды білмеймін.
7170085	I think that Tom will like this wine.	7889567	Томға осы шарап ұнайды деп ойлаймын.
7303586	Tell just the truth.	7889570	Тек шындықты ғана айт.
1622656	She wants to work in a hospital.	7889571	Ол әйел ауруханада жұмыс істегісі келеді.
1155825	There are over 80 people in my house. We're having a party.	7889572	Менің үйімде 80-нен астам адам жиналды. Біз сауық кешін ұйымдастырамыз.
3763306	She works alone.	7889573	Ол әйел жалғыз өзі жұмыс істейді.
5853128	I'm a therapist.	7889574	Мен терапевт болып жұмыс істеймін.
6385858	Sami didn't want Layla.	7889575	Сами Лайланы қаламайды.
6436682	Tom didn't expect to find anything.	7889582	Том бір нәрсе табатынын күтпеген еді.
1475617	I'm sure that he went to Tokyo.	7889587	Оның Токио қаласына кеткеніне сенімдімін.
3247166	I want to buy oranges.	7889591	Апельсин сатып алғым келеді.
1437	Congratulations!	7889621	Құттықтаймын!
435084	Help!	7889624	Көмектесіңдер!
435084	Help!	7889625	Көмек керек!
516745	Goodbye!	7889627	Қош бол!
647456	Bye!	7889627	Қош бол!
24867	What for?	7889631	Не үшін?
25313	Anything new?	7889634	Тағы не жаңалық?
375822	What happened?	7889635	Не болды?
398746	Hello, world!	7889636	Сәлем, әлем!
433492	Of course.	7889637	Әлбетте.
64332	You are drunk!	7889642	Сен массың!
64332	You are drunk!	7889643	Ішіп алыпсың ғой!
71882	I'm speechless.	7889644	Айтар сөзім жоқ.
847092	It is said that Tokyo is a very safe city.	7889662	Ол, Токионың өте қауіпсіз қала екенін айтты.
6862068	Did you give the food to the cat?	7889669	Мысыққа тамақ бердің бе?
1309	I'll call them tomorrow when I come back.	7889671	Мен ертең үйге келген соң, оларға соғамын.
7888975	Switzerland is not Sweden.	7889677	Швейцария - Швеция емес.
7888857	I can't wait ten minutes.	7889683	Мен он минут бойы күтіп тұра алмаймын.
7888669	I'll read the newspaper.	7889686	Мен газет оқитын боламын.
7888667	I don't want to watch ads.	7889687	Хабарландыруларды көргім келмейді.
7990081	Of course I'll go.	1528824	Әрине, мен барамын.
8008344	The key is stuck.	8008660	Кілт тұрып қалды.
2958731	Tom will probably be here in the morning.	8008739	Том таңертең мұнда болуы мүмкін.
1792644	I won't die.	8008822	Өлмеймін.
3722979	Tom tasted the wine.	8008835	Том шараптың дәмін татты.
6568057	Winter swimming isn't dangerous for healthy people.	8009367	Қыста жүзу сау адамдар үшін қауіпті емес.
436791	I love my wife.	8009497	Әйелімді жақсы көремін.
7697543	Bedouins live in the desert.	8138570	Бәдеуилер шөлде тұрады.
2301159	An asteroid exploded over Chelyabinsk in Russia.	8284056	Ресейде, Челябіде астероид жарылып атылды.
8275533	This is not his handwriting.	8286080	Бұл оның жазуы емес.
438605	This is food.	438601	Бұл тамақ.
50756	Take off your socks.	8540743	Shulyǵyńyzdy sheshińiz.
8540312	We ate the meat.	8540763	Biz etti jedik.
3601134	Did you see my daughter?	8541645	Qyzymdy kórdińiz be?
3601134	Did you see my daughter?	8541695	Qyzymdy kórdiń be?
6959098	Anti-Zionism is not antisemitism.	8542057	Antısıonızm - antısemıtızm emes.
8324953	Mennad was at work.	8542059	Mennad jumysta edi.
1665107	I don't like this kind of joke.	8542091	Mundaı ázilderdi jaqsy kórmeımin.
5152251	I saw the queen.	8542118	Patshaıymdy kórdim.
1060217	You killed my mother.	8542692	Anamdy óltirdiń.
8538881	Nancy resembles my sister.	8544358	Nensı apama uqsaıdy.
8538880	Don't let anyone know I'm here.	8544361	Eshkimge meniń munda bolǵanymdy aıtpa.
573999	Each student has their own computer.	8544368	Ár oqýshynyń óz kompıýteri bar.
252245	I like dogs.	8544369	Men ıtterdi jaqsy kóremin.
261023	I got a letter from her.	8544698	Men odan hat aldym.
261023	I got a letter from her.	8544699	Odan hat aldym.
807401	Thousands of people there were arrested.	8561149	Ондағы мыңдаған адамдар тұтқындалды.
8613306	The moon is still shining.	8627519	Ай әлі жарқырап тұр.
8613324	Everyone wants peace, right?	8627521	Барлығы бейбітшілікті қалайды, иә?
8613278	What? I can't believe it!	8627523	Не? Бұған сенбеймін!
3621820	I think everybody should learn another language.	8627532	Меніңше әркім басқа бір тілді үйренуі керек.
3513447	Did you go to Harvard?	8780424	Гарвардқа кеттің бе?
8811642	I'm very scared of spiders.	8813477	Өрмекшілерден қатты қорқамын.
8620592	The new coronavirus is very infectious.	8814843	Жаңа коронавирус өте жұқпалы.
8656924	She got married ten years ago.	8814925	Ол он жыл бұрын үйленген.
8832028	This suit isn't black.	8835795	Бұл костюм қара емес.
6959098	Anti-Zionism is not antisemitism.	8544908	Антисионизм - антисемитизм емес.
8936078	The water isn't cold.	8780965	Су суық емес.
8782870	The water is not cold.	8780965	Су суық емес.
8607789	Tom is not Trump.	8627522	Том - Трамп емес.
9359671	What's love?	5126083	Бұл не - махаббат?
9579582	Tom couldn't calm down.	9580611	Том тыныштала алмады.
9579653	Tom is going to visit his brother in prison.	9580671	Том түрмеде жатқан ағасына барады.
9572598	Privacy is important to us.	9583559	Приваттылық біз үшін маңызды.
9638600	Wine is not for children.	9638684	Шарап балалар үшін емес.
6811396	I cannot sleep.	9642359	Ұйықтай алмаймын.
2332108	I'm not a teacher.	9642649	Мұғалім емеспін.
2332108	I'm not a teacher.	9642660	Muǵalim emespin.
3820033	Do you need them?	9644156	Сізге олар керек пе?
3820033	Do you need them?	9644158	Саған олар керек пе?
9643438	I have four cats.	9646366	Төрт мысығым бар.
9643438	I have four cats.	9646369	Менің төрт мысығым бар.
2273919	What did you watch?	9649867	Не көрдің?
2025467	Zero, one, two, three, four, five, six, seven, eight, nine, ten.	2001074	Нөл, бір, екі, үш, төрт, бес, алты, жеті, сегіз, тоғыз, он.
