1421916	I have to go to the toilet.	3626594	Nga hap ban leit sha ka painkhana.
1624132	There won't be a next time.	3927277	Yn ym don da kawei ka por.
3927276	I can't get anything right.	3927278	Ngam ju dei kaei-kaei ruh.
20589	A cat appeared from under the desk.	3927280	Ka miaw ka paw na khrum ka mieij.
3447644	I'm very pleased to be here.	3927281	Nga sngewbha shibun ban don hangne.
2092570	Does anybody hear me?	3927282	Don ba iohsngew ianga?
2039835	Is there something you want to ask me for?	3927284	Phi don eiei ban kylli ianga?
3676270	Tom must've been very disappointed.	3927285	U Tom u lah dei ban sngewsih bha.
273511	The captain was the last person to leave the sinking ship.	3927288	U Kapten udei uba khatduh ban mih na ka Jhat ba ngam.
374827	Thank you!	3927328	Khublei!
457594	But why?	3927329	Hynrei balei?
3408801	What else is there?	3927330	Sa kaei don hangto?
407085	What else?	3927331	Sa kaei?
2776762	Break the eggs and remove the yolks.	3927339	Pynpait ki pylleng bad weng ki shangai.
3927283	Tom was my first Facebook friend.	3927340	U Tom u dei u paralok banyngkong jongnga ha facebook.
2648203	Why did you agree?	3927342	Balei phi mynjur?
1495896	Why are you late?	3927343	Balei phi slem?
2168	Where are you?	3927344	Hangno phi don?
2168	Where are you?	3927345	Haei phi don?
1469822	Since when?	3927347	Naduh mynno?
1886652	When was that?	3927349	Mynno kata?
2917303	When's dinner?	3927351	Lano ka bammiet?
16997	When is your birthday?	3927353	Lano sngikha jongphi?
18498	Metal contracts when cooled.	3927358	Ka nar ka ran ynda lah pjah.
21543	When is school over?	3927361	Katno baje wai skul?
21543	When is school over?	3927366	Lano kut skul?
42781	When does it begin?	3927374	Lano kan sdang?
3635961	I have dandruff.	3927382	Nga don thyllieh.
3759882	Warning: the lifeforms in this universe are surrounded by 10% dandruff. Would you like to set up a new one?	3927406	Husiar! Ki jingim ha kane ka Iunivers la ker sawdong da 100% ki thyllieh. Phi kwah da kaba thymmai?
2662649	If they were Canadians, this problem wouldn't exist.	3927418	Lada ki dei ki nong-Canada, kane ka jingeh kan nyn don.
453265	Why don't we play tennis on Sunday?	3927421	Balei ngim ju leh tennis ha ka sngi-u-blei?
3731701	How weird is that?	3927422	Ka jingkhyllah!
497566	Please keep your voice down.	3927423	Sngewbha jarjar.
304174	He thanked me with his eyes.	3927425	U khublei ianga da ki khmat jongu.
2537674	Tom is a couple of years older than me, I think.	3927429	U Tom u heh ia nga tang katto-katne snem.
5162297	Where is the ship?	3927509	Shaei ka jhat?
2248064	I'm losing business.	3927530	Nga dang duhnong.
3300586	There's something that I've been wanting to ask you.	3927583	Don kaei-kaei ka ba nga kwah ban kylli iaphi.
36419	Why?	3927811	Balei?
36419	Why?	3927816	Baleh aiu?
323307	The store will be closed tomorrow.	3927982	Ka dukan ka khang lashai.
290111	He stood there for a while.	3927997	U ieng hangto shiphang.
3880718	The one hundred metre run starts at two in the afternoon.	3928006	Ka race shispah mitar kan sdang ar baje mynsngi.
3734181	Tom went without food for a whole week.	3928014	U Tom u leit khlem jingbam baroh shi taiew.
3444366	Tom handed the photo album to Mary.	3928016	U Tom u ai ia ka albom dur ha ka Mary.
462526	That hurts.	3928022	Ka pang.
462526	That hurts.	3928024	Ka pang kato.
2041	Take the other chair!	3928033	Shim da kawei ka shuki.
25535	I love that chair.	3928041	Nga ieid ia katai ka shuki.
51276	This chair is ugly.	3928045	Kane ka shuki ka isih.
463124	These chairs are different.	3928047	Kine ki shuki ki pher.
463266	This chair is light.	3928049	Kane ka shuki ka sting.
18350	The sky brightened.	3928058	Ka bneng ka shai.
18143	The sky looks angry.	3928064	ka bneng ka i dom.
3731920	Do you know what this is all about?	3928089	Phi tip dei shaphang kaei kine baroh?
48771	This account does not agree with the facts.	3928300	Kane ka account kam iamynjur bad ki jingshisha.
3730918	What do you do for the team?	3928304	Phi leh aiu na ka bynta ka team?
3181103	Do you see the garden?	3928307	Phi iohi ia ka kper?
2997982	I'm not calling you by name.	3928316	Ngam khot iaphi da ka kyrteng.
2739964	I have a friend.	3929420	Nga don u paralok.
2739964	I have a friend.	3929423	Nga don ka paralok.
2739964	I have a friend.	3929424	Nga don i paralok.
3384867	How do you know Tom is there?	3929434	Kumno phi tip u Tom u don hangto?
3384867	How do you know Tom is there?	3929444	Kumno me tip u Tom u don hangto?
3384867	How do you know Tom is there?	3929447	Kumno pha tip u Tom u don hangto?
3633945	It didn't work out quite like I intended it to.	3929456	Ka khlem da long kumba nga mut.
3133561	How could this sort of thing possibly happen?	3929463	Kumno kum kane ka jait jingjia ka lah ban jia?
681593	The student refused to obey his teacher.	3929475	U khynnah u saitlah ban ngeit iau nonghikai.
681593	The student refused to obey his teacher.	3929479	U khynnah u saitlah ban ngeit ia ka nonghikai.
681593	The student refused to obey his teacher.	3929487	U khynnah u kyntait ban ngeit ia i nonghikai.
681593	The student refused to obey his teacher.	3929490	Ka khynnah ka saitlah ban ngeit ia u nonghikai.
1824360	"Let the English and the French take all the land they want," said the Indian chief. "But they want to take all the land between the Atlantic Ocean and the Pacific Ocean. Is that OK?" said Tom.	3929542	"Ai ki nong-Bilat bad ki nong-Frans kin shim lut iaka jaka katba ki kwah", Ong u rangbahduh ki Indian. "Hynrei ki kwah ban shim lut iaka jaka kaba don hapdeng ka duriaw Atlantik bad duriaw Pasifik, biang kata?", Ong u Tom.
3893971	You should use a deodorant.	3929566	Phi dei ban pyndonkam deo.
3879081	Tom didn't keep Mary waiting too long.	3929570	U Tom u khlem pynap slem ia ka Mary.
3873841	My guess is that Tom isn't going to want that.	3929573	Nga tharai u Tom un nym kwah ia kato.
3866007	It's really annoying.	3929577	Ka pynshrai bha.
3865866	You agree with Tom, don't you?	3929579	Phi ia mynjur bad u Tom, dei?
3865862	You agree with Tom, right?	3929579	Phi ia mynjur bad u Tom, dei?
3865792	It's impossible to fix.	3929584	Ka long ka bymlahlong ban shna.
3865715	It's all you can really do.	3929588	Ka dei baroh ba phi lah ban leh shisha.
3861671	Tom doesn't realise how his behaviour affects others.	3929593	U Tom um poi-pyrkhat kumno ka ka jinglong jong u ka ktah ia kiwei.
3927897	The land is very fertile.	3929607	Ka jaka ka sboh bha.
3927897	The land is very fertile.	3929611	Ka khyndew ka sboh bha.
883062	Choose one.	3929616	Jied iwei.
883062	Choose one.	3929622	Jied uwei.
883062	Choose one.	3929623	Jied kawei.
2485150	Want one?	3929627	Kwah iwei?
2485150	Want one?	3929630	Kwah uwei?
2485150	Want one?	3929632	Kwah kawei?
27455	Please try one.	3929635	Sngewbha try iwei.
27455	Please try one.	3929636	Sngewbha try uwei.
27455	Please try one.	3929637	Sngewbha try kawei.
27455	Please try one.	3929639	Sngewbha pyrshang uwei.
27455	Please try one.	3929641	Sngewbha pyrshang kawei.
27455	Please try one.	3929646	Sngewbha pyrshang iwei.
327396	When I woke up, I was in the car.	3929688	Ynda nga lah kyndit, nga lah don ha kali.
3726193	Tom is just finishing setting up.	3929697	U Tom u dang shu dep pynkhreh.
3023427	Tom lost his camera in Boston.	3929713	U Tom u lah pynjah ia ka kamera jong u ha Boston.
2548565	Tom never saw Mary.	3929717	U Tom um ju iohi ia ka Mary.
2043626	We'll go to any length to send our child to a good university.	3929723	Ngin leh katba lah ban phah ia i khun jongngi sha ka iuniversity ba bha.
1991869	She was wearing a fur coat.	3929727	Ka phong ka coat shñiuh.
1316537	He entered the bank disguised as a guard.	3929730	U rung ha bank da kaba riam kum u nongap.
3222922	Toronto's mayor was caught on tape smoking crack.	3930010	Ia u Mayor ka Toronto, la lap ba u dih crack.
2958388	Tom tried to restart the car, but couldn't.	3930011	U Tom u lah pyrshang ban sdang biang ia ka kali hynrei um leh.
2549246	Tom hit me first.	3930012	U Tom u shoh shwa ianga.
2541068	I was looking for the barbershop.	3930014	Nga dang wad dukan khapsñiuh.
280162	Cool off!	3930076	Pynjaijai.
1860752	Be cool.	3930079	Long jaijai
470149	My butt hurts.	3930082	Nga pang jingshong.
470149	My butt hurts.	3930083	Jingshong jongnga ka pang.
1224675	I'll kick your butt!	3930084	Ngan kynjat jingshong jongphi.
2111485	Take cover!	3930097	Rieh!
2245245	Cover your eyes.	3930099	Tap ki khmat.
3723698	Please cover yourself.	3930100	Sngewbha tap ialade.
2880588	She strangled a cat.	3930565	Ka ksieh ia kawei ka miaw.
871567	Give tea.	3930638	Ai sha.
1098734	Bring tea.	3930641	Wanrah sha.
20123	You drink tea.	3930642	Phi dih sha.
20123	You drink tea.	3930662	Pha ia dih sha.
20123	You drink tea.	3930661	Me ia dih sha.
20123	You drink tea.	3930647	Pha dih sha.
20123	You drink tea.	3930656	Me dih sha.
20123	You drink tea.	3930660	Phi ia dih sha.
72236	D.H. Lawrence is a novelist and poet.	3930755	U D.H. Lawrence u dei u nongthoh novel bad u nongthoh poetry.
3120825	Do you think I'm making a mistake?	3930758	Phi mut ba nga leh bakla?
3120825	Do you think I'm making a mistake?	3930760	Me mut ba nga leh bakla?
3120825	Do you think I'm making a mistake?	3930763	Pha mut ba nga leh bakla?
56828	Read this book.	3930782	Pule kane ka kot.
314249	She wrote me a long letter.	3930778	Ka thoh ianga ka shithi bajrong.
2755126	Watch.	3931082	Peit.
64496	Watch yourself.	3931085	Peit ialade.
375828	Watch out!	3931087	Da peit!
375828	Watch out!	3931092	Leh bha!
375828	Watch out!	3931095	Da peit bha!
1270554	Leave!	3931119	Mih!
1270554	Leave!	3931121	Phet!
1270554	Leave!	3931123	Iehnoh!
3150835	Did you buy me anything?	3931147	Phi thied eiei ianga?
1349095	Pull!	3931149	Tan!
266031	Pull it open.	3931154	Tan kan plie.
1506098	Pull yourself together!	3931157	Pyneh!
1506098	Pull yourself together!	3931160	Pyneh ialade!
1251097	Poor cat.	3931862	Bapli ka miaw.
1251097	Poor cat.	3931863	Ka miaw bapli.
1251097	Poor cat.	3931864	Bapli u miaw.
1251097	Poor cat.	3931865	U miaw bapli.
1251097	Poor cat.	3931866	Bapli i miaw.
1251097	Poor cat.	3931867	I miaw bapli.
3329992	I think I may know where to find Tom.	3931870	Nga tharai nga lah ban tip haei ban wad i'u Tom.
3329992	I think I may know where to find Tom.	3931871	Nga tharai nga tip hangno ban wad i'u Tom
3329992	I think I may know where to find Tom.	3931872	Nga tharai nga tip shaei ban wad i'u Tom.
3329992	I think I may know where to find Tom.	3931873	Nga tharai nga tip shano ban wad i'u Tom.
2158241	All swans are white.	3931875	Baroh ki han-blei ki lieh.
2158241	All swans are white.	3931876	Ki han-blei ki lieh lut.
2158241	All swans are white.	3931877	Ki lieh lut ki han-blei.
2168	Where are you?	3931878	Shano phi don?
2168	Where are you?	3931879	Shaei phi don?
24991	Holy cow!	3933336	Masi bakhuid!
619902	Cows give milk.	3933349	Ki masi ki ai dud.
684708	Cows eat grass.	3933358	Ki masi ki bam phlang.
1739383	Cows have horns.	3933370	ki masi ki don reng.
19491	Cows live on grass.	3933381	Ki masi ki im da u phlang.
19494	Cows give us milk.	3933393	Ki masi ki ai iangi ka dud.
19494	Cows give us milk.	3933401	Ki masi ki ai dud iangi.
295256	He has ten cows.	3933409	U don shiphew tylli ki masi.
2244999	Bear with me.	3933419	Iaishah bad nga.
2244999	Bear with me.	3933421	Iashah bad nga.
1478	Bearing can be unbearable.	3933425	Ban iaishah ka lah ban long ka bymlah ban iaishah.
1478	Bearing can be unbearable.	3933428	Ka jingiaishah ka lah ban long ka bymlah ban iaishah.
664105	The truth bears hatred.	3933435	Ka jingshisha ka pynmih ia ka jingisih.
664105	The truth bears hatred.	3933438	Ka jingshisha ka pyni iaka jingisat.
664105	The truth bears hatred.	3933443	Ka jingshisha ka pynmih ia ka jingiashun.
1081294	Bears can climb trees.	3933452	Ki dngiem ki lah ban kiew dieng.
1121804	The bear bites itself.	3933454	U dngiem u dait ialade.
2019091	Here lives one bear.	3933457	Hangne sah uwei u dngiem.
52067	Leave now.	3933471	Mih mynta.
249142	We speak Japanese.	3933472	Ngi kren nongjapan.
307284	Are they Japanese?	3933475	Ki dei ki nongjapan?
2402207	Why do I need to learn French?	3935241	Balei ba nga hap ban nang french.
433623	Look behind you.	3935243	Peit shadien jong phi.
433623	Look behind you.	3935246	Peit shadien jong me.
433623	Look behind you.	3935249	Peit shadien jong pha.
433623	Look behind you.	3935250	Peit hadien jong phi.
433623	Look behind you.	3935251	Peit hadien jong me.
433623	Look behind you.	3935255	Peit hadien jong pha.
1468927	Leave it behind.	3935258	Ieh shadien.
1555626	Tom, behind you!	3935261	Tom, hadien jong me!
1555626	Tom, behind you!	3935264	Tom, hadien me!
1555626	Tom, behind you!	3935280	Tom, hadien jong phi!
1555626	Tom, behind you!	3935286	Tom, hadien phi!
1555626	Tom, behind you!	3935300	Tom, shadien jong me!
1555626	Tom, behind you!	3935308	Tom, shadien me!
1555626	Tom, behind you!	3935313	Tom, shadien jong phi!
1555626	Tom, behind you!	3935314	Tom, shadien phi!
1555626	Tom, behind you!	3935316	Tom, nadien jong phi!
1555626	Tom, behind you!	3935319	Tom, nadien phi!
1555626	Tom, behind you!	3935320	Tom, nadien jong me!
1555626	Tom, behind you!	3935322	Tom, nadien me!
288654	He is eight.	3937671	U don phra snem.
288654	He is eight.	3937683	U lah don phra snem.
1176171	He leaves at eight.	3937746	U mih phra baje.
1176171	He leaves at eight.	3937753	U mih por phra baje.
2535415	Emily hates toilets.	3938696	Ka Emily ka isih ia ki painkhana.
38935	The toilet is upstairs.	3938697	Ka painkhana ka don shajrong.
38935	The toilet is upstairs.	3938699	Ka painkhana ka don hajrong.
38935	The toilet is upstairs.	3938701	Ka painkhana ka don shalor.
38935	The toilet is upstairs.	3938702	Ka painkhana ka don halor.
38937	Where is the toilet?	3938706	Shaei ka painkhana?
38937	Where is the toilet?	3938707	Haei ka painkhana?
38937	Where is the toilet?	3938708	Shano ka painkhana?
38937	Where is the toilet?	3938709	Hangno ka painkhana?
1886819	What are those?	3939136	Kiei kito?
1886819	What are those?	3939138	Kito kidei kiei?
2645667	What are those numbers?	3939140	Kito kidei ki nombar aiu?
2645667	What are those numbers?	3939141	Kiei kito ki nombar?
2646227	What are those called?	3939144	La khot kumno ia kito?
2646227	What are those called?	3939146	La khot aiu ia kito?
2646227	What are those called?	3939147	Khot kumno ia kito?
2646227	What are those called?	3939148	Khot aiu ia kito?
40196	Sit tight.	3939155	Shong khop.
40196	Sit tight.	3939156	Shong beit.
478180	Please sit.	3939157	Sngewbha shong.
679375	Where are you now?	3941341	Haei phi don mynta?
455073	What time is it now?	3941343	Katno baje mynta?
1564	Thank you very much!	3941344	Khublei shibun!
403068	You're welcome.	3941349	Ym lei lei.
1434	I love you.	3941350	Nga ieid iaphi.
497969	See you tomorrow.	3941354	Sa iapeit lashai.
3924619	Do you have time tomorrow?	3941361	Phi don por lashai?
3924620	Yes, I have time tomorrow.	3941362	Hooid, nga don por lashai.
3924618	I like Chinese and Japanese.	3941366	Nga leid ia ktien japan bad korea.
1862	It is raining.	3941371	Ka slap.
456237	It's raining.	3941371	Ka slap.
773233	It is not raining.	3941372	Em kam slap.
279576	Anger is an energy.	3941377	Ka jingdom ka dei ka bor.
1499345	We are going to the market.	3941378	Ngi leit sha iew.
817923	Coffee gives you energy!	3941379	U kofi u ai bor iaphi.
3824944	I have no energy.	3941381	Ngam don bor.
349064	I don't know.	3941382	Ngam tip.
17735	I need you.	3941383	Nga donkam iaphi.
245897	Children need loving.	3941385	Ki khynnah ki donkam jingieid.
253814	I need this.	3941386	Nga donkam ia kane.
253814	I need this.	3941388	Nga donkam kane.
256170	I know how to swim.	3941387	Nga nang ban jngi.
273351	It needs washing.	3941390	Ka donkam ban sait.
255189	I don't know how to swim.	3941391	Ngam nang ban jngi.
66664	Jesus wept.	3941395	U Jisu u iam.
2822493	Jesus Christ!	3941397	Jisu khrist!
66669	Jesus answered them.	3941399	U Jisu u jubab iaki.
639201	Jesus hates you.	3941400	U Jisu u isih iaphi.
823857	Jesus loves you.	3941403	U Jisu u ieid iaphi.
2822474	Thank you, Jesus.	3941405	Khublei, Jisu.
1173265	My name is Tom.	3941407	Nga kyrteng Tom.
2649208	My name's Tom.	3941407	Nga kyrteng Tom.
70623	What is your name?	3941410	Phi kyrteng aiu?
408293	What's your name?	3941410	Phi kyrteng aiu?
70623	What is your name?	3941413	Kaei ka kyrteng jongphi?
16492	What are you doing?	3941415	Phi leh aiu?
458023	I don't have time.	3941424	Ngam don por.
5318944	This is a cat.	3941489	Kane ka dei ka miaw.
334464	I am eating rice.	3941507	Nga dang bam ja.
978547	This is not a cat. This is a dog.	3941527	Kane kam dei ka miaw. Une udei u ksew.
2248045	I'm just joking.	3941536	Nga shu ongkai.
433492	Of course.	3941540	Haoid kein.
242732	It is very cold today.	3941545	Ka khriat bha mynta ka sngi.
3941277	I don't have any children yet.	3941278	Ngam pat don khun.
2253876	Wash the dishes.	3942306	Khlieng ki tiar.
2253876	Wash the dishes.	3942309	Sait ki tiar.
2253876	Wash the dishes.	3942314	Khlieng ki pliang.
2253876	Wash the dishes.	3942327	Sait ki pliang.
464330	Wash your hands.	3942343	Thet ki kti.
464330	Wash your hands.	3942348	Sait ki kti.
20754	Wash your face.	3942352	Bta ka khmat.
20754	Wash your face.	3942356	Sait ka khmat.
737644	These are pens.	3942396	Kine ki dei ki khulom.
33775	Pass me the pen.	3942402	Ai sha nga u khulom.
33775	Pass me the pen.	3942407	Ai ha nga u khulom.
55276	These pens are his.	3942414	Kine ki khulom kidei jong u.
55276	These pens are his.	3942417	Kine ki dei ki khulom jong u.
55278	Whose are these pens?	3942420	Khulom jongno kine?
55278	Whose are these pens?	3942422	Kine ki khulom jongno?
55278	Whose are these pens?	3942426	Jongno kine ki khulom?
1840463	I heard that he could even translate from Ancient Hebrew.	3942483	Nga iohsngew ba u lah ban pynkylla ktien na ka hebrew hyndai.
20296	Because she felt sick.	3945568	Namar ka sngewshitom.
36437	Because it is there.	3945572	Namar ka don hangto.
3467757	Watch the road.	3946726	Da peit ka lynti.
3467757	Watch the road.	3946737	Da peit ka surok.
464308	Very good, thank you.	3941394	Bha bha, khublei.
464308	Very good, thank you.	3946711	Biang bha, khublei.
1112140	Are you deaf?	3948819	Phi kyllut?
1112140	Are you deaf?	3948824	Phi kyllut ne?
1112140	Are you deaf?	3948826	Pha kyllut?
1112140	Are you deaf?	3948828	Pha kyllut ne?
1112140	Are you deaf?	3948834	Me kyllut?
1112140	Are you deaf?	3948835	Me kyllut ne?
555267	One more time.	3948840	Sa shisien.
1329621	One more time, please.	3948842	Sa shisien seh.
1329621	One more time, please.	3948844	Sa shisien sngewbha.
2252674	There's one more.	3948846	Don sa kawei.
2252674	There's one more.	3948848	Don sa iwei.
2252674	There's one more.	3948850	Don sa uwei.
70917	How are your studies going?	3949458	Kumno ka long ka jingpule jongme?
2861785	I will do it.	3949481	Ngan sa leh.
70623	What is your name?	3949487	Phi kyrteng kumno?
70623	What is your name?	3949504	Kumno phi kyrteng?
70623	What is your name?	3949512	Kyrteng kumno phi?
70623	What is your name?	3949521	Kyrteng kumno maphi?
70623	What is your name?	3949526	Kyrteng aiu phi?
70623	What is your name?	3949529	Kyrteng aiu maphi?
680964	Tom had to pay a fine because he parked in the wrong place.	3949923	U Tom u hap ban siew ka kuna namar ba u pynieng kali ha bymdei.
2642812	Why does this have to be done?	3949932	Balei ia kane hap ban pyndep?
3881979	There were once a King and a Queen, and they had a son called Sigurd, who was very strong and active, and good-looking.	3949941	Shisien ka por la don u syiem bad ka syiem, bad ki don u khun ba kyrteng u Sigurd uba khlain ba smat, bad ba bhabriew bha.
3825071	Tom said it was all like a dream.	3949947	U Tom u ong ba dei tang ka jingphohsniew.
3949749	Dan's pitbull attacked Linda's small dog.	3949955	U pitbull jong u Dan u dait ia i ksew barit jong ka Linda.
753284	Germany is a cold country.	3949973	Ka Germany ka dei ka ri ba khriat.
265621	I want to rent a car, please show me a price list.	3950016	Nga kwah ban wai kali, pyni ki dor seh.
3205174	In fact, Tom told me never to come back to his house again.	3950502	Ha ka jingshisha, u Tom u iathuh ia nga ba ngam dei ban wan shuh ha iing jong u.
398493	I just got up.	3951970	Nga dang shu khie.
62990	Did you have a good sleep?	3951971	Phi iohthiah bha?
887431	She teased him.	3951979	Ka pyndom ia u.
887431	She teased him.	3951980	Ka pynshrai ia u.
296945	He practices playing the guitar far into the night.	3951982	U practice tem guitar baroh shi miet.
2641617	Tom smiled when Mary looked at him.	3951983	U Tom u rkhie mynba ka Mary ka peit ia u.
2641617	Tom smiled when Mary looked at him.	3951984	U Tom u rymmuin mynba ka Mary ka peit ia u.
2271740	I didn't know why.	3951985	Nga khlem tip balei.
2271740	I didn't know why.	3951986	Ngam tip balei.
1867922	Tom seems sincere.	3951987	U Tom u i hok.
1224103	I didn't even have time to paint!	3951989	Nga khlem don por tang ban airong ruh.
2012930	I don't want to disturb you.	3952000	Ngam kwah ban pynthut iaphi.
2524299	Who's hungry?	3952003	Mano thngan?
2524299	Who's hungry?	3952004	Mano ba thngan?
2524299	Who's hungry?	3952006	Mano ba lah thngan?
2641217	You're not the only one who's hungry.	3952007	Phim dei tang maphi ba thngan?
2641217	You're not the only one who's hungry.	3952010	Mem dei tang mame ba thngan.
3168228	I'm not the only one who's hungry.	3952015	Ngam dei tang manga ba thngan.
61219	How do you use this camera?	3952023	Kumno la pyndonkam iakane ka kamera.
975639	His fart smelled.	3952026	Ka ksem jong u ka sma.
1201045	Farting is rude.	3952030	Ban ksem ka long kaba khlemakor.
1201045	Farting is rude.	3952032	Ban ksem ka long khlemakor.
3170777	Do you know how to use chopsticks?	3952049	Phi nang ban pyndonkam ia ki chopsticks?
3170777	Do you know how to use chopsticks?	3952050	Phi nang kumno ban pyndonkam ia ki chopsticks?
2233688	This is good.	3952070	Ka bha kane.
2233688	This is good.	3952072	Ka best kane.
55871	This is very good.	3952074	Ka bha bha kane.
55871	This is very good.	3952076	Ka best bha kane.
786455	Do you like the movie?	3952079	Phi sngewtynnad ka film?
786455	Do you like the movie?	3952080	Phi best ka film?
3823398	Next time, don't drop it.	3952082	Ha kawei pat ka por, wat pynhap iaka.
3152745	Aren't you going to give me a kiss?	3952084	Phin nym doh ianga?
2929283	Tom and John pretended to be brothers.	3952085	U Tom bad u John ki ia ak kumba dei shipara.
2929283	Tom and John pretended to be brothers.	3952086	U Tom bad u John ki ia leh kumba dei shipara.
2854408	You can't escape from me.	3952087	Phim lah ban lait nanga.
2854408	You can't escape from me.	3952089	Phim lah ban phet nanga.
2854408	You can't escape from me.	3952090	Phin ym lah ban lait nanga.
2854408	You can't escape from me.	3952091	Phin ym lah ban phet nanga.
2854408	You can't escape from me.	3952092	Phin nym lah ban lait nanga.
2854408	You can't escape from me.	3952093	Phin nym lah ban phet nanga.
2854408	You can't escape from me.	3952100	Men ym lah ban lait nanga.
2854408	You can't escape from me.	3952101	Mem lah ban lait nanga.
2854408	You can't escape from me.	3952103	Men nym lah ban lait nanga.
2854408	You can't escape from me.	3952106	Men ym lah ban phet nanga.
2854408	You can't escape from me.	3952108	Men nym lah ban phet nanga.
2854408	You can't escape from me.	3952110	Pham lah ban lait nanga.
2854408	You can't escape from me.	3952111	Phan ym lah ban lait nanga.
2854408	You can't escape from me.	3952112	Phan nym lah ban lait nanga.
20379	Are you crazy?	3952120	Lah bieij?
20379	Are you crazy?	3952122	Phi lah bieij ne?
20379	Are you crazy?	3952123	Me lah bieij ne?
20379	Are you crazy?	3952125	Pha lah bieij ne?
71574	There is no necessity for you to do that.	3952179	Ym donkam ban leh iakato.
71574	There is no necessity for you to do that.	3952181	Ym donkam ban leh iakata.
317055	Because she takes after her younger sister, I cannot tell one from the other.	3952215	Namar ka bit iaka ka para jong ka, ngam nang pyniapher ia ki.
3952253	You're very fast at putting my sentences there.	3952250	Phi sted bha ban buh ki sentence nga hangto.
3952253	You're very fast at putting my sentences there.	3952254	Phi kloi bha ban buh ki sentence nga hangto.
975673	I am learning Japanese.	3952270	Nga dang pule Japanese.
287992	He kicked it.	3952278	U kynjat iaka.
432836	I saw the hill.	3952286	Nga iohi ia u lum.
19857	The hill is always green.	3952332	U lum u jyrngam beit.
28932	I walked up the hill.	3952335	Ngi iaid shajrong u lum.
34290	Brian lives over the hill.	3952337	U Brian u sah hajrong u lum.
1448374	It won't fly!	3952340	Kan nym her.
1448374	It won't fly!	3952341	In nym her.
3952213	The forest was covered with snow and the evenings were quiet as animals slept through the cold winter nights.	3952346	Ka khlaw la sop da u ior, bad ki janmiet ki kynjah katba ki mrad ki iohthiah ha ki miet tlang ba khriat.
3223241	Tom put his arm around Mary and kissed her cheek.	3952357	U Tom u kdup ia ka Mary bad u doh iaka ngap jongka.
1128754	A river flows.	3952370	Ka wah ka tuid.
2268493	The river overflowed.	3952373	Ka wah ka lah shlei.
1551759	My ass!	3952380	Nyllong me!
456285	Kiss my ass.	3952385	Doh jingshong jongnga.
3758587	Ouch!	3952399	Adi!
3758587	Ouch!	3952403	Ada!
254946	I was just making sure.	3952437	Nga shu pynthikna.
1989771	We could say that both of those balls are the same weight.	3952440	Ngi lah ban ong ba kito ki ball ki don katjuh ka jingkhia.
22070	Look at the picture.	3952543	Peit ha ka dur.
3200056	You can tell me tomorrow.	3953625	Phi lah ban iathuh ia nga lashai.
3147843	A drop of sweat ran down his temple.	3953630	Shi drop ka syep ka jaw na moimoi jong u.
329386	Moreover, when viewed from the side, the front teeth are protruding.	3953688	Shuh shuh lada peit na ki dong, ki bniat khmat ki mih.
2323304	I don't want to know anything about Tom.	3954715	Ngam kwah ban tip eiei shaphang u Tom.
3955553	Jupiter is so large that all of the other planets in the solar system could fit inside of it.	3955872	U Jupiter u heh haduh katta-katta ba baroh ki kiwei-kiwei ki metbneng ha solar system ki lah ban ñiam hapoh jong u.
2296	I think it is good that books still exist, but they do make me sleepy.	3955882	Nga tharai ka bha ba ki kot ki dang don, hynrei ki pynsamthiah ia nga.
2642366	Tom hired me to paint his house.	3955887	U Tom u aikam ianga ban airong iaka iing jong u.
2422747	Tom put his pistol under the pillow.	3955893	U Tom u buh iaka suloi hapoh u syngkhlieh.
2275898	I didn't pick it up.	3955896	Nga khlem tam.
2275898	I didn't pick it up.	3955897	Nga khlem khar.
42411	It is the tallest tree that I ever saw.	3955898	U dei u dieng bajrong tam ba nga lah iohi.
3913330	I had to let her win.	3955902	Nga hap ban ai jop ia ka.
3913330	I had to let her win.	3955903	Nga hap ban ailad ba kan jop maka.
2546131	I wonder what Tom wants.	3955904	U Tom u kwah aiu tip.
1116302	People are speaking at the same time.	3955906	Ki briew ki iakren ha kajuh ka por.
1093941	Tom got out of prison after 30 years.	3955907	U Tom u ioh mih na patok hadien 30 snem.
908696	Who's your favorite Disney character?	3955908	Iei i Disney character ba best tam maphi?
3360167	You don't have to go to school tomorrow.	3956998	Phim donkam ban leit skul lashai.
272366	I was bothered by the baby's crying.	3961041	Nga lah shah pynthut da ka jingiam i khyllung.
1102982	I am.	3961165	Nga dei.
65918	I am coming.	3961209	Nga lah wan.
2643670	Tom and Mary are very close.	3961236	U Tom bad ka Mary ki ia jan bha.
1716455	Thank you for boiling the water.	3961252	Khublei ba phi lah pynshet iaka um.
1902442	He lost his job through his irresponsibility.	3961284	U duh ia ka kam jong u lyngba ka jingbymshimkhia jong u.
2851799	Mary misled you.	3961288	Ka Mary ka lah ialam bakla ia phi.
2955035	You're the one who should pay the bill.	3961316	Phi dei maphi ba hap siew iaka bill.
26295	English is not spoken here.	3961328	Ngim ju kren phareng hangne.
2930725	I take it as a sign of hope.	3962515	Nga shim iaka kum ka dak jingkyrmen.
2248043	I'm just asking.	3962516	Nga shu kylli.
2958384	Tom tried to kiss Mary, but she leaned back.	3962521	U Tom u pyrshang ban doh iaka Mary, hynrei ka ran dien.
373320	How are you?	3962522	Kumno phi long?
1526466	Mother Earth.	3962528	Mei mariang.
277131	The earth rotates.	3962529	Ka pyrthei ka shad pyllun.
2195638	Love the earth.	3962530	Ieid iaka pyrthei.
1526466	Mother Earth.	3962531	Mei ramew.
2887192	Earth laughs in flowers.	3962532	Ka pyrthei ka rkhie da ki syntiew.
3444798	We live on Earth.	3962533	Ngi sah ha pyrthei.
1213515	I'm so hungry!	3962683	Nga thngan palat!
1213515	I'm so hungry!	3962685	Nga lah thngan palat.
3962691	We do not inherit the earth from our ancestors, we borrow it from our children.	3962703	Ngi khlem iohpateng iakane ka pyrthei na ki mynbarim jongngi, ngi pankylliang na ki khun jongngi.
1742364	I have an erection.	3962798	Nga don jingieng.
35788	Ned held the flag erect.	3962800	U Ned u bad pynieng iaka lama.
2544548	Tom put on his sunglasses.	3962809	U Tom u deng ka iitkhmat jongu.
3755652	I love God.	3963772	Nga ieid ia u Blei
308727	A pair of earrings is a nice present for her.	3964201	Shijur ki sohshkor ki long ki jingai ba itynnad iaka.
36065	How smart!	3964204	Ka jingstad!
36090	How foolish!	3964211	Ka jingbieij.
36097	How cute!	3964216	Ka jingiskuin.
36125	How wonderful!	3964240	Ka jingsngewtynnad!
506446	Don't worry.	3965999	Wat khuslai.
3733437	Tom has promised he won't do that anymore.	3966098	U Tom u lah smai ba un nym leh shuh iakato.
2013871	Do you want to come sit by me?	3966106	Phi kwah ban wan shong bad nga?
3628784	Eat!	3967081	Bam!
273828	Eat everything.	3967083	Bam lut.
273828	Eat everything.	3967086	Bam baroh.
273828	Eat everything.	3967088	Bam barohkhoit.
1120797	I eat.	3967094	Nga bam.
1242070	Eat noodles.	3967099	Bam shaw.
1388916	Eat fruits!	3967102	Bam soh!
1495917	Eat slowly.	3967105	Bam suki.
325429	Stand up!	3967107	Ieng!
325429	Stand up!	3967108	Ieng joit!
1935050	Stand aside.	3967113	Shuh.
1935050	Stand aside.	3967115	Shuh shatai.
1935050	Stand aside.	3967116	Wat wit.
1935050	Stand aside.	3967117	Shuh nangne.
2111527	Stand still!	3967119	Ieng beit!
2111527	Stand still!	3967120	Ieng khop!
2249755	Pack your bags.	3967127	Song ki tiar.
2249755	Pack your bags.	3967129	Song ki pla.
2249755	Pack your bags.	3967130	Lum ki pla.
2249755	Pack your bags.	3967132	Lum ki tiar.
2982208	This is a folding fan, and this is how you open it. It's for hot summer days.	3967139	Kane kadei ka pakha ba khylliap, bad plie iaka kumne. Kadei naka bynta ki sngi lyiur ba shit.
423405	It's hot.	3967147	Ka shit.
423405	It's hot.	3967148	Ka khluit.
242881	It's hot today.	3967153	Ka shit mynta.
242881	It's hot today.	3967157	Ka shit mynta ka sngi.
267106	It's too hot.	3967160	Ka shit palat.
267106	It's too hot.	3967161	Ka khluit palat.
2880508	She shot down a helicopter.	3967166	Ka siat iaka helicopter.
41717	Pick it up.	3968229	Tam.
41717	Pick it up.	3968231	Khar.
312911	She picked flowers.	3968233	Ka kheit syntiew.
312911	She picked flowers.	3968234	Ka phut syntiew.
312911	She picked flowers.	3968235	Ka tam syntiew.
312911	She picked flowers.	3968236	Ka khar syntiew.
2014293	I just want to forget about it.	3968239	Nga kwah klet noh shaphang kato.
3968240	I feel like I'm stealing your sentences.	3968241	Nga sngew kumba nga tuh iaki sentence jong phi.
3968243	He is lying on the baby.	3968242	U ban iaka khyllung.
329542	I don't know if he has any special powers or not, but he's probably stronger than a normal human.	3968245	Ngam tip lada u don bor phylla ne em, hynrei u kham khlain ban ia kiwei kiwei.
477086	Yes.	3968246	Hooid.
477086	Yes.	3968247	Haoid.
477086	Yes.	3968248	Ho oah.
477086	Yes.	3968249	Hm mm.
477061	No.	3968250	Em.
477061	No.	3968251	Nai.
477061	No.	3968252	Mm huh.
3968243	He is lying on the baby.	3968254	U ban ia i khyllung.
3968243	He is lying on the baby.	3968255	U ban ia u khyllung.
3132888	Who was taking care of Tom when this happened?	3968260	Mano ba sumar i'u Tom mynba kane ka jia.
266065	Help me.	3968265	Iarap ianga.
1434	I love you.	3968436	Nga ieid iapha.
1434	I love you.	3968439	Nga ieid iame.
2046775	I'm sure you're very busy.	3968442	Nga thikna phi bunkam bha.
2046775	I'm sure you're very busy.	3968445	Nga thikna pha bunkam bha.
2046775	I'm sure you're very busy.	3968447	Nga thikna me bunkam bha.
378270	Do you speak English?	3968450	Phi kren english?
378270	Do you speak English?	3968453	Phi kren phareng?
3663249	There are islands in the sea.	3968456	Don ki dewlynnong haka duriaw.
2412739	I have two cats.	3968458	Nga don artylli ki miaw.
370708	Where do you live?	3968461	Haei phi sah?
1860	I don't want to go to school.	3968603	Ngam kwah ban leit skul.
1860	I don't want to go to school.	3968604	Ngam kwah ban leit sha skul.
356200	Who are you?	3968607	Phi dei mano?
356200	Who are you?	3968617	Phi dei iei?
1622	What do you want?	3968624	Phi kwah aiu?
1622	What do you want?	3968634	Aiu phi kwah?
1622	What do you want?	3968637	Kaei phi kwah?
436243	How old are you?	3968641	Phi lah don katno snem?
376611	I don't understand.	3968643	Ngam sngewthuh.
1326	Are you sure?	3968645	Lah thikna?
1399479	Burj Khalifa is currently the tallest skyscraper in the world.	3968648	U Burj Khalifa mynta u dei u jingtei ba jrong tam ha ka pyrthei.
38387	I'm sorry.	3968653	Map.
38387	I'm sorry.	3968655	Map ianga.
1329	Hurry up.	3968663	Kloi.
1329	Hurry up.	3968665	Wut.
1329	Hurry up.	3968667	Kloi kloi.
1329	Hurry up.	3968668	Wut wut.
413731	One, two, three, four, five, six, seven, eight, nine, ten.	3968676	Wei, ar, lai, saw, san, hynriew, hynniew, phra, khyndai, shiphew.
3178449	We must leave immediately.	3969252	Ngi dei ban mih noh mynta mynta.
265106	The truth is I told a lie.	3971642	Ka jingshisha ka long ba nga thok.
2276579	She never saw her sister again.	3971651	Kam ju iohi shuh ia ka hymmen jongka.
3272413	The abuse of alcohol among young people is a serious problem.	3978614	Ka jingkyrni kyiad jong ki samla ka dei ka jingeh bakhraw.
3166098	Tom threw a rock at one of my dogs.	3978617	U Tom u kawang maw ia uwei na ki ksew jongnga.
2549635	I'm OK for now.	3978621	Nga biang ia mynta.
2249291	It's still breathing.	3978625	Ka dang ring mynsiem.
3981134	Why can't animals talk?	3981131	Balei ki mrad kim lah ban kren?
259588	I have supported you throughout.	3986999	Nga lah kyrshan iaphi shilynter.
67166	One day, she told me that she wanted a pet cat.	3987001	Shisien ka sngi, ka iathuh ianga ba ka kwah miaw.
2014694	I want to go back to my friends.	3987002	Nga kwah ban leit biang sha la ki paralok.
2203673	We'll fail.	3987006	Ngin rem.
2203673	We'll fail.	3987007	Ngin sa rem.
2203673	We'll fail.	3987008	Ngin sa ia rem.
2461	She's got a fair complexion while her brother is very dark.	3987010	Ka lieh sniehdoh hynrei u para jongka pat u iong.
433498	What're you saying?	4000144	Phi ong aiu?
433498	What're you saying?	4000145	Phi kren aiu?
1911990	These animals are friendly.	4007028	Kine ki mrad ki long paralok bha.
41171	Most Japanese temples are made of wood.	4007037	Bun naki iingmane Japan la shna da ki dieng.
2682163	She invited me to eat.	4007058	Ka khot sngewbha ianga ban bam.
2549322	I'm here to stay.	4007059	Nga don hangne ban sah.
2402223	You don't know the system.	4046937	Phim tip iaka system.
2547916	I was jealous of you.	4046941	Nga bishni iaphi.
3737223	Tom wanted Mary to go away.	4046944	U Tom u kwah baka Mary kan leit noh.
3200193	There are only books on the shelf.	4046950	Don tang ki kot ha duli.
2243113	They exchanged hellos.	4046955	Ki iakylliang jingaikhublei.
250795	Can you hear me?	4046960	Phi lah ban iohsngew ianga?
250795	Can you hear me?	4046961	Iohsngew ianga?
2957801	Tom quickly opened the drawer and pulled out a gun.	4046964	U Tom u plie sted iaka duli bad u sei ka suloi.
780216	It's not blood. It's beet.	4046968	Kam dei ka snam, dei u bit.
1877441	Tom and Mary are outside.	4054197	Tom bad Mary ki don shabar.
1877441	Tom and Mary are outside.	4054202	U Tom bad Ka Mary ki don shabar.
982861	Follow the stars.	4054220	Bud iaki khlur.
3123774	Stars are beautiful.	4054226	Ki khlur ki long kiba itynnad.
3123774	Stars are beautiful.	4054228	Ki khlur ki itynnad.
271525	The stars came out.	4054233	Ki khlur ki mih.
238792	The moon has set.	4054234	U bnai u lah sep.
462826	The moon is shining.	4054237	U bnai u shai.
462826	The moon is shining.	4054239	U bnai u phyrnai.
621957	January, February, March, April, May, June, July, August, September, October, November and December are the twelve months of the year.	4054262	Kyllalynkot, Rymphang, Lber, Iaiong, Jymmang, Jylliew, Naitung, Nailar, Nailur, Risaw, Naiwieng bad Nohprah kidei ki khat-ar tylli ki bnai jong u snem.
3565120	She folded the quilt.	4054379	Ka khylliap iaka nep.
1908407	Stop. That tickles.	4054385	Sangeh. Ka smieij.
2264972	Stop tickling me!	4054388	Sangeh pynsmieij ianga.
2652731	Don't tickle me!	4054395	Wat pynsmieij ianga.
2652731	Don't tickle me!	4054397	Wat ktik ianga.
2264972	Stop tickling me!	4054401	Sangeh ktik ianga.
2800093	Speak softly.	4054405	Kren jem.
2800093	Speak softly.	4054407	Kren suki.
869091	This is difficult.	4054415	Ka eh kane.
869091	This is difficult.	4054418	Kane ka eh.
869091	This is difficult.	4054421	Kane ka long kaba eh.
869091	This is difficult.	4054422	Kane ka long kaba jynjar.
869091	This is difficult.	4054426	Kane ka jynjar.
869091	This is difficult.	4054431	Ka jynjar kane.
70475	I bought a pen for your birthday present.	4060044	Nga thied u khulom na bynta ka sngikha jongphi.
1867874	Tom stepped on some broken glass.	4060046	U Tom u iuh ha ki iit ba lah pait.
475754	I would like you to sing a song.	4060089	Nga kwah iaphi ba phin rwai kawei ka jingrwai.
1813975	Why doesn't he eat lunch with me anymore?	4064225	Balei um ju bamjasngi shuh bad nga?
3736554	I'm pretty sure that Tom can do it.	4064250	Nga thikna ba u Tom u lah ban leh.
3388976	It took Tom several hours to assemble a bunk bed that the instructions said would take less than an hour to assemble.	4064599	Ka shim i'u Tom katto-katne kynta ban pyndait ia ka jingthiah ba ki jingbatai ki ong ba kan shim shikynta duna ban pyndait.
29709	The leader should know where to set up the tent.	4064829	U nongialam u dei ban tip haei ban shna ka tent.
2193973	How are we going to do that?	4074666	Kumno ngin leh iakata?
2193973	How are we going to do that?	4074673	Ngin leh kumno iakata?
39327	But they are all people.	4074682	Hynrei kidei lut ki briew.
2239362	She loves to cook.	4074929	Ka ieid ban shet.
2275891	I didn't mean to stare.	4074943	Nga khlem mut ban peitseh.
2249420	Just get up.	4074973	Shu khie joit.
274037	Come quick!	4074991	Wan kloi!
2011313	I want you, Tom.	4078817	Nga kwah iaphi, Tom.
2011313	I want you, Tom.	4078820	Nga kwah iame, Tom.
2049744	Read this first.	4078825	Pule shuwa iakane.
2049744	Read this first.	4078827	Pule iakane shuwa.
2049744	Read this first.	4078829	Iakane shuwa pule.
2652938	Thanks, everyone.	4078831	Khublei, baroh.
2261555	I don't like this paper. It's too shiny.	4078840	Ngam sngewtynnad iakane ka kot. Ka phyrnai palat.
2261555	I don't like this paper. It's too shiny.	4078846	Ngam sngewtynnad iakane ka kot. Ka shai palat.
1898130	They're all scared of Tom.	4089291	Ki ia tieng lut i'u Tom.
25498	How should I know?	4089305	Kumno ngan shu tip?
25498	How should I know?	4089308	Ngan shu tip kumno?
25498	How should I know?	4089310	Ngan tip kumno?
2247884	I'm a Christian.	4089322	Nga dei ka kristan.
16915	Your room is twice the size of mine.	4089327	Ka kamra jongphi ka heh arshah ia ka jongnga.
2252717	They called you.	4089330	Ki la khot iaphi.
3497352	Tom fell off the truck while he was feeding the reindeer.	4094847	U Tom u hap naka truck katba u dang aibam ia ki reindeer.
2247384	I remember that.	4095934	Nga kynmaw ia kata.
2247384	I remember that.	4095936	Nga kynmaw ia kato.
2247384	I remember that.	4095938	Nga kynmaw ia katei.
2247384	I remember that.	4095940	Nga kynmaw ia katai.
314431	She looked at me.	4095942	Ka peit ianga.
314431	She looked at me.	4095944	I peit ianga.
30849	You can go if you want to.	4107270	Phi lah ban leit lada phi kwah.
30849	You can go if you want to.	4107272	Phi lah ban ia leit lada phi ia kwah.
30849	You can go if you want to.	4107275	Me lah ban leit lada me kwah.
30849	You can go if you want to.	4107279	Me lah ban ia leit lada me ia kwah.
30849	You can go if you want to.	4107287	Pha lah ban leit lada pha kwah.
30849	You can go if you want to.	4107292	Pha lah ban ia leit lada pha ia kwah.
2563045	Like master, like disciple.	4107318	Kum kynrad, kum nongbud.
2011754	I didn't want to do it.	4107335	Nga khlem kwah ban leh.
1300148	I want you to kiss me.	4107346	Nga kwah iaphi ban doh ianga.
65619	Don't tell a lie. Be honest.	4111343	Wat thok. Iathuh hok.
2241668	We've come home.	4111345	Ngi la wan iing.
3057789	I'm not going to go back.	4111351	Ngan nym leit phai biang.
1737248	He plays beach volleyball.	4111352	U lehkai beach volleyball.
2250984	That was unfortunate.	4111361	Kata kalong kaba sniewbok.
244653	I called at his office yesterday.	4111363	Nga call sha office jong u mynin.
1744626	Now, I write with the new font.	4111369	Mynta, nga thoh da ki dak thymmai.
252766	I thank you.	4111374	Nga khublei iaphi.
1789333	Don't repeat the same mistake!	4115970	Wat bakla biang.
2891808	Please get out of the kitchen.	4115972	Sngewbha mih na kamrashet.
2470107	Did you get a good look at her?	4115978	Me ioh ban peit iaka.
246619	Do I have to make a speech?	4115990	Nga hap ai jingkren?
3313151	We should be getting back.	4115992	Ngi lah dei ban iapoi biang.
1445481	I no longer need a loan.	4115993	Ngam donkam shuh iaka loan.
2544872	I'll do what must be done.	4116030	Ngan leh ia kaei kaba dei ban leh.
2187232	It's refreshing.	4126707	Ka pyngngad.
3428583	Where else would I go?	4639342	Shaei de ngan leit?
1224050	Get out of my house!	4639344	Phet na iing jongnga.
2426	The situation is worse than we believed.	4639357	Ka jinglong ka kham sniew ban ia kaba ngi ngeit.
272042	You must keep quiet.	4639358	Phi dei ban sngapjar.
2406132	I saw Tom give a flower Mary.	4639360	Nga i i'u Tom ba ai syntiew iaka Mary.
3567738	You may do what you wish.	4639362	Phi lah ban leh katba phi mon.
3200340	Tell me where the wine is.	4639363	Iathuh ianga haei ka waiñ ka don.
3200340	Tell me where the wine is.	4639364	Iathuh ianga haei ka don ka waiñ.
3823188	Tom fell off his mother's lap.	4639367	U Tom u hap na lybong kmie jong u.
308978	Her mother lives in the country all by herself.	4639370	Ka kmie jong ka ka sah sha nongkyndong dalade.
2042642	We often do what we have to do, not what we want to do.	4639375	Barabor ngi leh ia kaei ba ngi hap ban leh, ym dei ia kaei ba ngi kwah.
2549720	I was so cold.	4639377	Ka khriat bha.
4529596	Tom was even busier than I was.	4639380	U Tom u kham bunkam ban ia nga.
67821	That book is a new book.	4639386	Kane ka kot kadei ka kot thymmai.
67821	That book is a new book.	4639390	Kane ka kitab kadei ka kitab thymmai.
2275801	Everybody's got something to hide.	4639393	Baroh ki don eiei ban buhrieh.
1024528	Tom looks sad.	4639396	U Tom u i sngewsih.
1094819	Tom didn't do anything wrong.	4639397	U Tom u khlem leh eiei ba bakla.
1094819	Tom didn't do anything wrong.	4639398	U Tom u khlem leh bakla eiei.
2372816	I just need some aspirin.	4639399	Nga shu donkam katto-katne u aspirin.
3161749	Tom will die without your help.	4639402	U Tom un sa iap khlem jingiarap jongphi.
1832198	That's impossible for me.	4639404	Ka long ka bymlahlong ianga.
2248376	I've got beer.	4639408	Nga ioh beer.
2648497	Is Tom in surgery?	4639410	U Tom u don ha ka surgery?
3728075	I'll take the jacket.	4639411	Ngan shim ka jacket.
312270	She speaks as if she had really been in France.	4639414	Ka kren kumba ka lah poi shisha sha France.
3736336	I don't want to know anything about that.	4639481	Ngam kwah tip eiei shaphang kata.
1841654	I want to fight.	4639484	Nga kwah ban iashoh.
2314018	If you want peace, prepare for war.	4639538	Lada phi kwah Jinsuk, pynkhreh iaka thma.
1233600	Why don't I understand English?	4642592	Balei ngam sngewthuh phareng?
1233600	Why don't I understand English?	4642596	Balei ngam sngewthuh English?
3329844	I've always hated her.	4642609	Nga isih beit iaka.
3329844	I've always hated her.	4642612	Nga lah isih beit iaka.
4061824	Will you guys please stop fighting?	4642634	Phin ia sngewbha sangeh iashoh.
3618826	I'm here because I have to be here.	4642637	Nga don hangne namar nga hap ban don hangne.
3259643	He left all kinds of papers on his desk.	4642644	U ieh baroh ki jait kot ha ka mieij jong u.
2884985	It's so good to take a rest after a long voyage.	4642654	Ka bha bha ban shongthait hadien ka jingiaid bajrong.
2522632	He is sitting in the front seat.	4642658	U shong haka seat bashakhmat.
1637340	I feel bad for them.	4642666	Nga sngew sieh iaki.
2956144	Tom borrowed some money from us.	4642671	U Tom u pankylliang pisa na ngi.
2547300	I'll be right in here.	4642675	Ngan don hangne.
1550947	What languages do you know?	4642680	Kiei ki ktien ba phi nang?
1550947	What languages do you know?	4642683	Phi nang ktien aiu?
3915181	We're going to help her.	4642685	Ngin iarap iaka.
3912130	I met him at a party.	4642687	Nga iakynduh ia u ha jingkhawai.
3426114	Tom has no idea what he's doing.	4642692	U Tom um tip eiei u leh aiu.
3426114	Tom has no idea what he's doing.	4642694	U Tom um tip eiei aiu u leh.
3426114	Tom has no idea what he's doing.	4642697	U Tom um tip eiei ba u leh.
3390657	It's too late to try that.	4642704	Ka lah slem ban leh iakata.
3390657	It's too late to try that.	4642707	Ka lah dier ban leh iakata.
352930	If you know the answer to this question, please tell me.	4642716	Lada phi tip ka jubab iakane ka jingkylli, sngewbha iathuh ianga.
302409	He is tall and strong.	4642734	U jrong bad khlaiñ.
37021	Tom acknowledges that he was defeated.	4642830	U Tom u pdiang ba u lah shah pynrem.
2809240	He is stronger than me.	4654900	U kham khlaiñ ban ianga.
2273555	Tom is the strongest.	4654907	U Tom u dei u bakhlaiñ tam.
2273555	Tom is the strongest.	4654915	U Tom u dei u ba khlaiñ tam.
2273555	Tom is the strongest.	4654916	U Tom u dei uba khlaiñ tam.
2273555	Tom is the strongest.	4654917	U Tom u long u ba khlaiñ tam.
2273555	Tom is the strongest.	4654918	U Tom u long uba khlaiñ tam.
2273555	Tom is the strongest.	4654919	U Tom u long u bakhlaiñ tam.
3439766	Tom is the most boring person I know.	4654949	U Tom u dei u briew ba ngiah tam ba nga tip.
279779	Tokyo is bigger than Yokohama.	4655234	Ka Tokyo ka kham heh ban iaka Yokohama.
2218422	You're the biggest.	4655238	Phi dei uba heh tam.
2218422	You're the biggest.	4655241	Phi long uba heh tam.
28129	Wrong.	4658212	Lait.
30397	Louder.	4658213	Kham eh.
30397	Louder.	4658216	Kham jam.
30433	Quieter!	4658219	Kham jarjar.
36088	What?	4658222	Kaei?
36088	What?	4658225	Uei?
36088	What?	4658226	Iei?
52027	Wow!	4658233	Ani!
246359	Dead?	4658234	Iap?
246359	Dead?	4658238	Lah iap?
268828	Unbelievable!	4658244	Bymlah ngeit.
361576	Achoo!	4658246	Hatshi!
373216	Really?	4658247	Shisha!
373330	Hello!	4658251	Kumno!
373330	Hello!	4658252	Ei!
374568	Perfect!	4658258	Biang!
392296	Finally!	4658262	Khatduh-khatwai!
393357	Please.	4658265	Sngewbha.
434766	Fuck!	4658337	Bew!
434766	Fuck!	4658345	Biw!
434766	Fuck!	4658348	Bow!
435084	Help!	4658349	Iarap!
448320	Stop!	4658358	Sangeh!
457629	Hungry?	4658363	Thngan?
460198	Crazy!	4658368	Bieij.
460198	Crazy!	4658371	Shiteng khlieh.
462424	Shit.	4658372	Eit.
477377	Blah.	4658373	Bleh.
1546236	I feel like shit.	4658414	Nga sngew kum ka rit.
483280	Precisely!	4658419	Thik!
3268025	Are you still able to speak your tribal language?	4658452	Phi dang lah ban kren ka ktien tynrai jongphi?
2273984	You didn't break it.	4658454	Phi khlem pynpait iaka.
2273984	You didn't break it.	4658455	Phim shym pynpait iaka.
3150427	You should probably buy a ticket for Tom, too.	4658456	Phi dei ban thied ticket ia u Tom ruh.
3452098	I don't think like you.	4658460	Ngam pyrkhat kum maphi.
3452098	I don't think like you.	4658463	Ngam pyrkhat kum mame.
3452098	I don't think like you.	4658467	Ngam pyrkhat kum mapha.
3904796	I want him gone by noon.	4658471	Nga kwah ba un leit hapoh shiteng sngi.
953467	I had already eaten before I arrived at the party.	4658476	Nga lah bam lypa shuwa ba ngan poi ha jingkhawai.
317228	She chatted with her friends about the baseball game.	4658485	Ka iakren bad ki paralok jongka shaphang ka baseball game.
282993	Don't you think it strange that he is not here?	4658505	Hato phim pyrkhat re ba ka long khyllah ba um don hangne?
3902275	I did not hear you.	4658510	Nga khlem iohsngew iaphi.
3902275	I did not hear you.	4658512	Ngam shym iohsngew iaphi.
2584170	"Remember your promise!" "Don't worry! I can keep a secret!"	4658523	"Kynmaw jingkular jongphi!" "Wat khuslai! Nga lah ban buhrieh!"
1170058	What's happening now in Poland?	4658536	Jia aiu mynta ha Poland?
21723	Nuclear weapons are a threat to the race.	4658551	Ki tiarthma nuclear ki long ka jingma ia ka jaitbynriew.
4375680	It's a waste of time and a waste of money.	4658564	Ka dei ka jingpynsep-ei iaka por bad iaka pisa.
3733987	I still can't remember the words to that song.	4658572	Ngam pat lah re ban kynmaw iaki kyntien kato ka jongrwai.
3506458	Not everything Tom said was true.	4658577	Ym baroh ba ong u Tom dei ba shisha.
3506458	Not everything Tom said was true.	4658581	Ym baroh ba u Tom u ong dei ba shisha.
2769820	There is very little water in your coffee.	4658588	Don duna um bha ha kophi jongphi.
2698819	How do you take off the shell of a boiled egg cleanly? Is there some sort of trick?	4658592	Kumno phi sei bha iaka shynrong pylleng phon? Don buit ne kumno?
2103100	"You slept with her!" "I did not."	4658607	"Me thiah bad ka!" "Nga khlem thiah."
1950899	I can't believe we're all still here.	4658609	Ngam lah ngeit ngi dang ia don hangne.
2376781	Either skillful or lazy. But not both.	4658615	Bunsap lane jaituh. Hynrei ym baroh ar.
37037	Tom is liked by his friends.	4658643	I'u Tom la sngewtynnad da ki paralok jong u.
788588	This sentence is mine.	4658683	Kane ka sentence ka dei jong nga.
4145046	Do you have a steady boyfriend?	4658704	Phi don samla ba biang?
3694196	I extended my holiday.	4658724	Nga lah pynjrong iaka shuti.
3694196	I extended my holiday.	4658726	Nga lah pynjlan iaka shuti.
2821661	What're they doing?	4658733	Ki ialeh aiu?
2821661	What're they doing?	4658735	Aiu ki ialeh?
2582014	I had just put it before you ask me to.	4658744	Nga dang shu buh shwa ba phin phah hi.
2230426	He left without having shut the door.	4658750	U mih khlem khang ka jingkhang.
2137238	She puts the children to bed.	4682929	Ka buh ia ki khun sha jingthiah.
58088	The other day I ran out of gas in the middle of a busy Interstate.	4682931	Kato ka sngi nga lut umphniang ha pdeng kawei ka khap jylla.
3385039	You haven't even tried.	4682934	Phim pat pyrshang hi.
2359300	I've been up all night writing.	4682935	Nga shong baroh shi miet thoh jingthoh.
1014479	What is wrong with me?	4682937	Jia aiu ia nga?
901435	How did their glasses get swapped? Even they themselves didn't understand it!	4682939	Kumno ki iitkhmat jongki ki shah kylliang? Maki ruh kim sngewthuh iakata.
4540981	I don't think they're going to hear us.	4782491	Ngam tharai kin iohsngew iangi.
3002200	Have you ever been to Minnesota?	4782493	Phi lah ju poi sha Minnesota?
3002200	Have you ever been to Minnesota?	4782494	Phi lah poi sha Minnesota?
31342	Have you washed your hands yet?	4782501	Phi lah sait ki kti?
291654	He arrived here just now.	4782506	U poi hangne dang mynta.
291654	He arrived here just now.	4782510	U poi shane dang mynta.
1027781	Tom was glad to hear Mary's voice.	4782514	U Tom u kmen ban iohsngew iaka sur jong ka Mary.
687786	Why do you need a new television?	4782529	Balei phi donkam TV ba thymmai?
2275853	I didn't give Tom anything.	4782547	Nga khlem ai eiei ia u Tom.
2275853	I didn't give Tom anything.	4782550	Ngam shem ai eiei ia u Tom.
3715835	He has tea every morning.	4782616	U dih sha man ka step.
2510839	It took me by surprise.	4782619	Ka pynkyndit ia nga.
2510839	It took me by surprise.	4782620	Ka pynlyngngoh ianga.
2642403	Tom didn't come home until 2:30.	4782625	U Tom u khlem wan ïng haduh 2:30.
2642403	Tom didn't come home until 2:30.	4782627	U Tom um shym wan ïng haduh 2:30.
289456	He is in need of money.	4840947	U donkam pisa.
289456	He is in need of money.	4840948	U don ha ka jingdonkam pisa.
58126	What is the name of this river?	4840952	Kyrteng aiu kane ka wah?
58126	What is the name of this river?	4840953	Kane ka wah ka kyrteng aiu?
58126	What is the name of this river?	4840954	Aiu ka kyrteng kane ka wah?
58126	What is the name of this river?	4840955	Kaei ka kyrteng jong kane ka wah?
1849354	Give Tom everything he asks for.	4840956	Ai ia u Tom katba u pan.
1849354	Give Tom everything he asks for.	4840957	Ai katba pan u Tom.
1094130	Tom fell down the stairs.	4840958	U Tom u hap naki mawstep.
451796	I haven't seen her for a long time.	4840959	Ngam pat iohi iaka lah slem.
3409039	That was really sweet.	4840960	Ka sngewieid bha.
3448857	How am I going to impress Tom?	4840961	Kumno ngan pyniapbieij ia u Tom?
49404	When the house caught fire, an awful feeling came over me.	4840962	Mynba ka ïng ka ing, ka jingsngewma ka wan ha nga.
47954	The behavior did his reputation no good.	4840963	Ka jinglong kam shem leh bha eiei ia ka nam jong u.
2760223	When will I get to see the effect of this soap?	4840965	Lano ngan ioh ban iohi ia ka jingktah jong kane ka sabon?
1025186	Tom is a friend of a friend of mine.	4840966	U Tom u dei u paralok jong u paralok jong nga.
72679	Who runs the fastest of the three?	4840967	Mano ba stet tam naki lai ngut?
72679	Who runs the fastest of the three?	4840968	Mano ba mareh stet tam na ki lai ngut?
1025693	Tom gave his seat to an elderly lady.	4840969	U Tom u ai ia ka jakashong jong u ha I tymmen kynthei.
3736777	Pick the one you like best.	4840971	Jied ia iba phi sngewtynnad tam.
3736777	Pick the one you like best.	4840972	Jied ia iba phi best tam.
4844536	If not now, when?	4844550	Lada ym dei mynta, lano?
1095616	Tom can't believe Mary is really planning to go.	4853211	U Tom um lah ngeit ba ka Mary ka mut shisha ban leit.
3402381	Tom is going to hurt you.	4853212	U Tom un pynmynsaw ia phi.
3402381	Tom is going to hurt you.	4853213	U Tom un pynmynsaw ia pha.
3402381	Tom is going to hurt you.	4853214	U Tom un pynmong ia me.
3402381	Tom is going to hurt you.	4853215	U Tom un pynmong ia phi.
3402381	Tom is going to hurt you.	4853216	U Tom un pynmynsaw ia me.
3402381	Tom is going to hurt you.	4853217	U Tom un pynmong ia pha.
2952829	I'm not sure who has my suitcases.	4853224	Ngam thikna mano ba bat ka suitcase nga.
2952829	I'm not sure who has my suitcases.	4853225	Ngam thikna mano ba bat ka suitcase jong nga.
2547815	I'll see you at home.	4853226	Ngan sa iakynduh iaphi ha ïng.
2547815	I'll see you at home.	4853228	Ngan sa iakynduh iame ha ïng.
2547815	I'll see you at home.	4853229	Ngan sa iakynduh ia pha ha ïng.
2547815	I'll see you at home.	4853230	Sa iakynduh ha ïng.
3098946	I'll figure out a way to fix this. Don't worry.	4853236	Ngan sa wad hi ka lad ban pynbeit iakane. Wat khuslai.
2642708	Tom and Mary weren't much help.	4853237	U Tom bad ka Mary kim da iarap than.
328660	There's gum stuck to the back of my shoe.	4853239	Don chewing-gum ba sahkut ha dien juti nga.
317373	She will give a party next week.	4853240	Kan sa ai party la shem taiew.
279122	Mr. Tanaka can play the piano well.	4853241	U bah Tanaka u nang bha ban tem piano.
50869	Will you please go there?	4853243	Phim sngewbha leit re shata?
1904491	I wish you'd quit throwing things at me.	4853244	Nga kwah ba phin sangeh kawang tiar ha nga.
1904491	I wish you'd quit throwing things at me.	4853245	Nga kwah ba phin sangeh pashat tiar ha nga.
36417	Why did you tear the cloth instead of cutting it with scissors?	4853249	Balei me tar iaka jaiñ haka jaka ban khap ia ka da ka khanshi?
3643167	This is a paper ticket.	4853250	One I dei I tiket kot.
2065057	I'd like some plum jam.	4853251	Nga kwah jam sohplom.
66609	British and Japanese cars have steering wheels on the right side.	4853254	Ki kali jong ki Nongengland bad ki Nongjapan ki don steering sha kamon.
2589825	Mary threw Tom under the bus.	4853261	Ka Mary ka shet kylla ia u Tom.
1884611	We will clarify what is true and what is false.	5061764	Ngin sa pynshai kaei kaba dei bad kaei kaba lait.
5085437	In my opinion, the meeting was a success.	5254081	Ha jingpyrkhat jongnga, ka meeting ka long kaba seisoh.
2542634	I understand why you're angry.	5254096	Nga sngewthuh balei phi dom.
3921381	We work for Tom.	5254107	Ngi trei na bynta u Tom.
2241679	We've got something.	5254109	Ngi don aiu-re-aiu.
2241679	We've got something.	5254110	Ngi don aiu-aiu.
2241679	We've got something.	5254113	Ngi don kaei-re-kaei.
2241679	We've got something.	5254114	Ngi don uei-re-uei.
1756011	He likes to smoke while taking a shit.	5254117	U sngewtynnad ban tan duma ha ka por ba u eit.
26000	Please be so kind as to show me the way to the station.	5254118	Sngewbha seh ban pyni ianga ka lynti sha station.
2648407	Tom began to move.	5254119	U Tom u sdang ban khih.
1832182	You're just not the person I thought you were.	5254120	Phim dei u briew uba nga mut ba phi dei.
1832182	You're just not the person I thought you were.	5254121	Mem dei u briew uba nga mut ba me dei.
1832182	You're just not the person I thought you were.	5254122	Pham dei ka briew kaba nga mut ba pha dei.
39399	Tennis is difficult. I never know which way the ball is going to fly.	5254125	Ka tennis ka jynjar. Ngam lah tip shaei ka ball kan her.
3822897	Do you know how much profit we made?	5254128	Phi tip katno ngi lah iohnong?
3151409	I gave it my best shot.	5254129	Nga lah leh katba nga leh.
3121530	A telephone is more useful than a necklace.	5254131	Ka telephone ka kham myntoi ban ia u kpieng.
456469	My shoes are brown.	5254132	Ki juti nga ki long rong brown.
456469	My shoes are brown.	5254133	Ki juti nga ki brown.
52490	Jill looked at John sideways.	5254134	Ka Jill ka peit ia u John na kner.
72561	I was late, so I missed flight 501.	5254135	Nga slem, te nga duh iaka flight 501.
260038	I had a suspicion that he would leave me.	5254136	Nga lah don ka jingsngew ba un sa iehnoh ianga.
264997	Pardon me, but that is my racket.	5254137	Sngewbha, tangba kato kadei ka racket jongnga.
1003118	Where's the director?	5254138	Shaei u director?
1003118	Where's the director?	5254139	Shaei ka director?
1003118	Where's the director?	5254140	Shaei i director?
1027884	Tom told Mary to try harder.	5254141	U Tom u ong iaka Mary ba kan pyrshang kham tyngeh.
1576913	It was me who killed Kennedy.	5254142	Dei manga ba pyniap ia u Kennedy.
2239718	Tom wants you.	5254143	U Tom u kwah iaphi.
2544759	I'm going to Tom's office.	5254144	Ngan leit sha office u Tom.
2547518	Tom won the election.	5254145	U Tom u jop iaka election.
2646704	Why aren't they here?	5254146	Balei kim don hangne?
4433486	For me it was a question of life or death.	5254147	Ha nga ka dei ka jingkylli halor ka im ne ka iap.
290119	He remained silent for a while.	5254148	U sngapjar shiphang.
1559953	At the end of the sentence one should put a period.	5254149	Ha ba kut ka sentence dei ban buh u period.
434374	Can I make a phone call?	5254150	Long ngan call?
2304695	He's closed-minded.	5254151	U khapniah jingmut.
5081610	It'd be about time to reply to his letter.	5254152	Lah jan dei por ban reply iaka shithi jong u.
4015373	How long do we have to wait here?	5254153	Haduh katno ngi hap ban ap hangne?
3536290	I just want him to go away.	5254154	Nga shu kwah ia u ba un phet.
3536290	I just want him to go away.	5254155	Nga shu kwah ia u ba un leit noh.
2239710	Tom wants answers.	5254156	U Tom u kwah jubab.
325267	The storm sank the boat.	5254157	Ka eriong ka pynngam ia ka lieng.
290147	He jumped over a ditch.	5254158	U kynthih ia ka thliew.
5113342	Let me win. But if I cannot win, let me be brave in the attempt.	5254159	Ai ngan jop. Hynrei lada ngam lah jop, ai ngan long shlur ha ka jingpyrshang.
4014152	I don't know if Tom is coming or not.	5254160	Ngam tip u Tom un wan ne em.
3824916	We eat together every evening.	5254161	Ngi bam lang man ka janmiet.
1663853	I am asking questions to my father.	5254162	Nga dang kylli jingkylli ia i pa.
328939	Sometimes my dog barks in the middle of the night.	5254163	Don ki por u ksew nga u wiar shiteng miet.
5200787	Since when have you been learning Latin?	5254164	Naduh mynno phi lah pule Latin?
17440	I want you to read this book.	5258136	Nga kwah iaphi ba phin pule kane ka kot.
453007	I'm sorry. I came late.	5258137	Map. Nga wan slem.
1624882	Your dreams are almost as twisted as my nightmares.	5258138	Jingphohsniew jongphi ki kyllain kum ki jingruma jongnga.
2376559	I know you have an essay to write.	5258140	Nga tip phi don essay ban thoh.
3625415	I did everything to become your friend.	5258142	Nga lah leh katba lah ban long paralok jongphi.
3738310	What else are you planning to do?	5258144	Phi mut ban leh aiu-aiu de?
4495909	They want Tom back.	5258145	Ki kwah biang ia u Tom.
4666069	Ask Tom what his plans are.	5258146	Kylli i'u Tom kiei ki plan jong u.
4529888	Everyone has been affected.	5258148	Baroh lah shah ktah.
460293	He can't say one word of French, but then again he speaks English like a native.	5258152	Um lah ban ong iwei ruh i kyntien ha ka French, tangba u kren Phareng kum u trai ktien.
28784	We must work as long as we live.	5258154	Ngi dei ban trei katba ngi dang im.
28784	We must work as long as we live.	5258155	Katba ngi dang im ngi dei ban trei.
4663833	Tom is way too young to be doing this.	5258156	U Tom u dang rit palat ban leh iakane.
4635421	I've been to Boston numerous times.	5258158	Nga lah poi sha Boston katto katne sien.
4635421	I've been to Boston numerous times.	5258161	Nga lah leit sha Boston katto katne sien.
2540801	Tom knows about this, doesn't he?	5258169	U Tom u tip shaphang kane, hato um tip re?
2530435	What is 'terpomo'? An apple in the ground, or a potato?	5258176	Uei u 'terpomo'? U apple ha madan, ne u phan?
2259239	That news got around.	5258179	Kato ka khubor ka lah saphriang lut.
3723510	I came because of something you wrote.	5258184	Nga wan namar me thoh aiu re.
2288902	Don't you want to stop Tom?	5258189	Phim kwah pynsangeh ia u Tom?
4135195	I've spent most of my life here.	5258194	Nga lah pynlut bun ka jingim jongnga hangne.
41295	That's impossible.	5259854	Bymlahlong!
48089	Will you please explain to me the exact meaning of the word?	5259856	Sngewbha batai ianga ka jingmut ba iahap tam jong ka kyntien.
305619	They live downstairs.	5259859	Ki sah shapoh.
318835	A computer game was given to me by my father.	5259861	I pa i ai game computer ianga.
387417	He was drunk and forgot to shut the back door.	5259864	U lah buaid bad u klet ban khang ka jingkhang shadien.
801147	My house is very cold.	5259869	Ka ïng jongnga ka khriat bha.
1539957	Mr So-and-So is dead. Why would I bother going to his funeral since, I am certain, he won't come to mine?	5259875	I bah ine-ine i lah iap. Balei ngan leit sha jingontep jong i haba nga lah thikna, in nym wan sha jingontep jongnga?
1612563	I tried to install a new browser.	5259878	Nga pyrshang ban install ka browser thymmai.
1950654	You can't afford this.	5259879	Phim lah ban thied iakane.
297369	He showed us how to ride a horse.	5266709	U pyni iangi kumno ban ñiah kulai.
3908539	I'm not going to tell them that.	5567199	Ngan nym iathuh iaki kata.
3818894	It never occurred to me that Tom wouldn't want to go with us.	5567204	Kam pat ju jia ha nga ba u Tom um kwah ban leit bad ngi.
2240279	Tom's phone rang.	5567211	Ka phone u Tom ka pah.
300709	He gave the same answer as before.	5567216	U ai kajuh ka jubab kum kaba hashuwa.
3917149	I didn't vote for you.	5567221	Nga khlem vote iaphi.
3041989	Is this lake deep?	5567226	Ka jylliew kane ka nan?
2652819	I didn't drink the water.	5567229	Nga khlem dih ka um.
1028011	Tom soon caught up with Mary.	5567236	Sa shiphang u Tom u lap ia ka Mary.
376334	Each of them has his own car.	5567243	Uwei-pa-uwei naki u don kali.
59633	Is there a tennis court around here?	5567250	Don tennis court hangne?
34616	Did you happen to see her yesterday?	5567252	Phi poi iohi iaka mynnin?
3467381	Nowadays no one believes in ghosts.	5567256	Mynta ki por ym don ba ngeit rngai.
2167928	I think I'll be very busy, but after the test I will have more time.	5662952	Nga tharai ngan sa bunkam bha, tangba hadien ka test ngan sa ioh por kham bun.
1869560	Why don't you like me?	5662971	Balei phim sngewtynnad ianga?
253754	I went to Tokyo to buy this book.	5662978	Nga leit sha Tokyo ban thied kane ka kot.
1403168	If possible, I'd like to read more about the issue.	5662985	Lada long, ngan sngewtynnad eh ban pule shuh shuh shaphang kane ka kam.
2376562	I know you have it with you.	5662991	Nga tip phi don maphi kato.
2849857	Thank you with all my heart.	5662994	Nga ai khublei iaphi naduh ka dohnud jongnga.
3023537	Tom just saved my life.	5663011	U Tom u pynlait im ianga.
3200775	Just tell me what's going on.	5663013	Shu iathuh ianga jia aiu.
2713029	They seem to know all about us.	6004054	Ki i kumba ki tip lut shaphang jongngi.
2980424	I didn't say that. That's your interpretation.	6004060	Nga khlem ong kata. Kata dei tang ka jing batai jongphi.
2980445	I like funny guys.	6004061	Nga sngewtynnad ki briew kiba pynsamrkhie.
2980461	You seem to ask Tom a lot of questions.	6004062	Phi i kumba phi kylli ia u Tom bun jingkylli bha.
2980462	You really do ask a lot of questions, don't you?	6004063	Phi kylli bun jingkylli bha, hato kam dei?
2980466	Why do you always ask so many questions?	6004065	Balei phi shait kylli bun jingkylli bha?
2980472	Tom asked me a lot of questions that I couldn't answer.	6004067	U Tom u kylli ianga bun ki jingkylli kiba ngam lah jubab.
2980472	Tom asked me a lot of questions that I couldn't answer.	6004068	U Tom u kylli ianga bun ki jingkylli ba haduh ngam lah jubab.
2980473	Have you already heard that he has finally returned home?	6004072	Phi lah iohsngew ba khatduh-khatwai u lah wanphai ïing?
2980474	Have you already bought your ticket?	6004075	Phi lah thied lypa ka ticket jong phi?
2980503	She is a very beautiful woman.	6004079	Ka long ka briew kaba bhabriew bha.
320537	A mother rabbit keeps her babies warm with her own body.	6366766	Ka kmie rabbit ka pynsyaid ia ki khunkhun lyngba ka jingsyaid ka met jong ka.
1291941	I lost my grandfather to cancer this year.	6366767	Nga duh noh ia i paieid jongnga na ka daw jong ka cancer mynta u snem.
1371730	I'm learning Japanese.	3952270	Nga dang pule Japanese.
6860542	Tom splashed Mary and she splashed him back.	7725423	U Tom u kynshait ia ka Mary bad ka kynshait kylla ia u.
6511393	Tom and Mary still don't know who John is.	7725430	U Tim bad ka Mary kim pat tip satia u John udei uei.
6273196	Tom has asked Mary to help him.	7725435	U Tom u kyrpad iaka Mary ban iarap ia u.
6049317	Should we try to help?	7725437	Ngin pyrshang ban iarap?
4874255	She knows that as well.	7725443	Maka ruh ka tip ia kata.
4496059	This belongs to me.	7725456	Kane ka dei ka jongnga.
67126	That is mine.	7725457	Une udei u jongnga.
2545349	I'm not eating this fish.	7725458	Ngam bam re kane ka dohkha.
1951463	I can't decide which route to take to Boston.	7725460	Ngam lah rai da kano ka lad ban leit sha Boston.
6245578	You'll cook for us tonight, won't you?	7725461	Phin shet na ka bynta jongngi mynta ka miet, em?
6241284	Tom pulled out his key and opened the door.	7725462	U Tom u sei ia u shabi bad u plie ia ka jingkhang.
6345194	How did you get permission to do that?	7725463	Kumno phi ioh jingbit ban leh ia kata?
6445332	Sami is not afraid of the jungle.	7725464	U Sami um tieng iaka khlaw.
7397866	He doesn't look like he's tired.	7725465	Um i kumba u lah thait.
7399236	He admitted that he was biased.	7725466	U la phla ba u la leh shiliang.
7408364	They could've done it by themselves.	7725467	Ki lah lah ban pyndep hi da lade.
6250392	Tom wasn't very motivated to do that.	7725468	U Tom um shem la ioh mynsiem ban leh ia kato.
6414440	Since Mary is sick, I'm sure she won't do that.	7725469	Namar ka Mary ka shitom, nga thikna ba kan nym leh ia kata.
6510839	I know Tom and Mary are going to hate this.	7725470	Nga tip u Tom bad Ka Mary kin sa isih ia kane.
2249293	It's still crowded.	7726107	Ka dang khapñiah.
7378781	Mary said that she wanted to die.	7726116	Ka Mary ka ong ba ka kwah ban iap.
6258566	I'd visit Boston if I were you.	7726118	Lada dei nga ngan leit kai sha Boston.
6261825	Tom went on a picnic with Mary and her family.	7726121	U Tom u leit bamkhana lem bad ka Mary bad ku bahaïing jongka.
6414345	Let's hope that Mary can handle that by herself.	7726125	Shu kyrmen ba ka Mary kan lah ban leh hi da lade.
6411195	If I'd seen Mary yesterday, I would've talked to her.	7726126	Lada nga ïohi ia ka Mary mynnin, nga lah kren ia ka.
6245950	They won't permit you to do that here.	7726127	Kim shah iaphi ba phin leh kumto hangne.
6245950	They won't permit you to do that here.	7726128	Kin ym shah iaphi ba phin leh kumto hangne.
6504255	I think we need to find out where Tom and Mary are.	7726130	Nga tharai ngi hap ban wad shaei u Tom bad ka Mary ki ia don.
6493368	Tom and Mary said they didn't think John really needed to do that today.	7726133	U Tom bad ka Mary kim poi pyrkhat ba u John un leh shisha ia kato mynta ka sngi.
6514214	Tom and Mary claim they've done that already.	7726140	U Tom bad ka Mary ki kam ba ki lah dep leh lypa ia kato.
7379844	Mary had to admit she was wrong.	7726144	Ka Mary ka hap ban phla ba ka la bakla.
7443377	They told us what they knew.	7726145	Ki iathuh iangi ia kaei ba ki tip.
6512404	Why do you think Tom and Mary are stupid?	7726147	Balei phi pyrkhat ba u Tom bad ka Mary ki bieij.
6512404	Why do you think Tom and Mary are stupid?	7726148	Balei phi pyrkhat ba u Tom bad ka Mary ki kale.
7389799	She lied to protect her family.	7726170	Ka thok ban iada iaka longïing jongka.
7404128	She said that she was full.	7726171	Ka ong ba ka la kdang.
7375947	Mary doesn't like milk in her coffee.	7726172	Ka Mary kam sngewtynnad ban ai dud ha coffee jongka.
7380477	Mary grabbed her coat and left.	7726173	Ka Mary ka shim ia ka coat bad ka la mih.
7383474	He couldn't do that by himself.	7726175	Um shem lah ban leh hi da lade.
6237638	Tom was the first one to volunteer to help us.	7726178	U Tom u dei u ba nyngkong ban iarap iangi.
6264113	My car is parked over there.	7726180	Nga park ia ka kali hangtei.
7137084	I don't know how to prove I wasn't in Boston.	7726183	Ngam nang kumno ba ngan sakhi ba ngam don ha Boston.
7377683	Mary gave it to me before she died.	7726185	Ka Mary ka ai ha nga shuwa ba kan khlad.
7377683	Mary gave it to me before she died.	7726186	Ka Mary ka ai hanga shuwa ba kan iap.
6688017	Tell me how you found out that I did that.	7726188	Iathuh ianga kumno phi tip ba nga keh ia kato.
7271433	Sami needs to trust Layla.	7726189	U Sami unhap ban shaniah ia ka Layla.
7470768	Tom and Mary don't know that I wish they'd leave.	7726194	U Tom bad ka Mary kim tip ba nga kwah iaki ba kin leit noh.
6233041	Tom and I became friends when we both lived in Boston.	7726195	U Tom bad nga, ngi ia long paralok mynba ngi sah ha Boston.
6413422	Mary said she doesn't want to ever do that again.	7726201	Ka Mary ka ong ba kam kwah bannkeh shuh ia kato lano lano ruh.
6925086	You guys have too much time on your hands.	7726203	Phi sia phi ia pahuh por shibun.
6448016	Sami forced Layla to lie.	7726205	U Sami u pynbor ia ka Layla ba kan thok.
6448016	Sami forced Layla to lie.	7726207	U Sami u pynbor ia ka Layla ban thok.
7229289	Sami's wife was there.	7726208	Ka lok u Sami ka don hangto.
6509935	Tom and Mary could've done that, but they didn't.	7726210	U Tom bad ka Mary ki lah dei ban lah pyndep ia kato, tangba kim shem la leh.
6495080	Tom and Mary said they wished they could do that as well as John.	7726211	U Tom bad ka Mary Ki ong ba ki kwah ban leh bha kumba u John u leh.
7217639	Do you know who Tom's mother is?	7726213	Phi tip mano ba dei kmie u Tom?
7217639	Do you know who Tom's mother is?	7726214	Phi tip i kmie u Tom dei mano?
6409342	Mary promised me that she'd do that before she went home.	7726216	Ka Mary ka kular ianga ba kan leh ia kato hashuwa ba kan leit sha ïing.
6517785	It looks like Tom and Mary are home.	7726217	Imat u Tom bad ka Mary ki don ha ïing.
7473914	They haven't finished their lunch yet.	7726218	Kim pat dep bam ja sngi.
6498167	Tom and Mary said they didn't think they could do that now.	7726222	U Tom bad ka Mary ki ong ba kim poi pyrkhat ba kin lah ban leh ia kato mynta.
7120580	Tom is still paying attention.	7726226	U Tom u dang pynleit jingmut.
6415841	I just hope Mary does what we asked her to do.	7726229	Nga kyrmen ba ka Mary kan leh ia kaeinkaba ngi phah iaka.
7246387	Sami was never respectful to me.	7726231	U Sami um ju burom ianga.
6507652	Tom and Mary looked like they hadn't slept in days.	7726232	U Tom bad ka Mary ki i kumba kim pat thiah da ki sngi.
6514251	Does anyone know where Tom and Mary are?	7726233	Don ba tip shano u Tom bad ka Mary ki don?
6514251	Does anyone know where Tom and Mary are?	7726235	Don mano mano ba tip shaei U Tom bad ka Mary ki don?
6514251	Does anyone know where Tom and Mary are?	7726236	Don mano mano ba tip hangno u Tom bad ka Mary ki don?
6514251	Does anyone know where Tom and Mary are?	7726237	Don mano mano ba tip shano U Tom bad ka Mary ki don?
6514251	Does anyone know where Tom and Mary are?	7726238	Don mano mano ba tip haei U Tom bad ka Mary ki don?
6514251	Does anyone know where Tom and Mary are?	7726240	Don ba tip shaei u Tom bad ka Mary ki don?
6514251	Does anyone know where Tom and Mary are?	7726241	Don ba tip hangno u Tom bad ka Mary ki don?
6514251	Does anyone know where Tom and Mary are?	7726243	Don ba tip haei u Tom bad ka Mary ki don?
6879259	I'm not usually picky about food.	7726244	Ngam jied bam.
6879259	I'm not usually picky about food.	7726245	Nga bam naphang.
6237078	It impresses me that you know how to do that.	7726250	Ka pynsngewtynnad ianga ba phi nang kumno ban leh ia kato.
6237078	It impresses me that you know how to do that.	7726252	Ka pynsngewtynnad ianga ba pha nang kumno ban leh ia kato.
6237078	It impresses me that you know how to do that.	7726253	Ka pynsngewtynnad ianga ba me nang kumno ban leh ia kato.
6417272	Mary cut up all the pictures she had of Tom.	7726255	Ka Mary ka khap lut ia ki dur ba don u Tom.
6504312	Tom and Mary didn't tell John what they needed to buy.	7726256	U Tom bad ka Mary kim shem iathuh ia u John ki donkam ban thied aiu.
6504312	Tom and Mary didn't tell John what they needed to buy.	7726258	U Tom bad ka Mary kim iathuh ia u John ki donkam ban thied aiu.
6504312	Tom and Mary didn't tell John what they needed to buy.	7726259	U Tom bad ka Mary ki khlem iathuh ia u John ki donkam ban thied aiu.
7218959	Sami was watching this video.	7726261	U Sami u dang peit ia kane ka video.
6242183	I don't want anyone to see me with Tom.	7726262	Ngam kwah ban shah iohi ianga bad u Tom.
6518299	Tom and Mary can no longer do their jobs.	7726265	U Tom bad ka Mary kim lah shuh ban trei.
6519376	Tom and Mary don't want to retire.	7726266	U Tom bad ka Mary kim pat kwah ban shongthait.
7378016	Mary said that she wouldn't do it.	7726267	Ka Mary ka ong ba kan ym leh.
7725104	Tom lives in his own world.	7727250	U Tom u don ha la ka jong ka pyrthei.
7725105	Mary lives in her own world.	7727251	Ka Mary ka don ha la ka jong ka pyrthei.
7724828	Tom and Mary own the house up the street.	7727252	U Tom bad ka Mary ki dei ki trai jong katei ka ïing hangtei.
7724831	I'm sorry. I didn't mean to imply anything.	7727253	Map. Nga khlem mut ban mut eiei.
7724831	I'm sorry. I didn't mean to imply anything.	7727254	Wat sngew eiei. Nga khlem mut ban mut eiei.
7724787	We want what's best for you.	7727255	Ngi kwah kaba bha iaphi.
7724787	We want what's best for you.	7727257	Ngi kwah kaba bha na ka bynta jong phi.
7724794	These pants don't fit me.	7727258	Kine ki patlun kim biang ianga.
7724794	These pants don't fit me.	7727259	Kine ki patlun kim ñiam ianga.
7724794	These pants don't fit me.	7727260	Kane ka patlun kam biang ianga.
7724794	These pants don't fit me.	7727262	Kane ka patlun kam ñiam ianga.
7722534	I don't remember if Tom lent me the book or if I borrowed it from the library.	7727263	Ngam kynmaw ba dei u Tom uba aikylliang ha nga ia ka kot ne dei ba nga shimkylliang na library.
6340874	I know we can take care of ourselves if we try.	7727269	Nga tip ngi lah ban sumar hi ialade lada ngi pyrshang.
6407481	You didn't know Mary was supposed to do that by herself, did you?	7727271	Phim tip ba ka Mary ka hap ban leh hi da lade ia kato, hato phi tip?
7540144	Tom is the only one who really knows what to do.	7727273	Dei tang u Tom uba tip aiu ban leh.
7540144	Tom is the only one who really knows what to do.	7727275	Dei tang u Tom uba tip ban leh kumno.
6435093	I wonder whether Tom would let me drive.	7727278	Tip u Tom un ai nym ai ianga ba ngan ñiah.
6435093	I wonder whether Tom would let me drive.	7727279	Tip u Tom un ai ne kumno ianga ban ñiah.
6412329	Mary denied that she was the one who had done that.	7727282	Ka Mary ka len ba ka dei maka kaba la leh ia kato.
6412329	Mary denied that she was the one who had done that.	7727283	Ka Mary ka len ba ka dei maka kaba la leh ia kata.
6412329	Mary denied that she was the one who had done that.	7727284	Ka Mary ka len ba ka dei maka kaba la leh kumto.
6412329	Mary denied that she was the one who had done that.	7727285	Ka Mary ka len ba ka dei maka kaba la leh kumta.
6526089	Tom doesn't live far from me, but I don't see him very often.	7727289	U Tom um sah jngai na nga, tangba ngam ju iohi than ia u.
6526089	Tom doesn't live far from me, but I don't see him very often.	7727290	U Tom um sah jngai na nga, tangba ngam da iohi than ia u.
5828581	It used to be such fun.	7727291	Ka shait sngewtynnad.
6412118	Mary said she thought Tom would be glad to see her.	7727292	Ka Mary ka ong ba u Tom un sa sngewkmen ban iohi iaka.
6426817	Mary doesn't like her new sofa.	7727293	Ka Mary kam sngewtynnad iaka sofa bathymmai jongka.
7379984	Mary tried to protect her kids.	7727295	Ka Mary ka pyrshang ban iada iaki khun jongka.
6424557	Mary says she's not busy tomorrow.	7727296	Ka Mary ka ong ba kam bunkam lashai.
7180546	Tom has lots of friends in Australia.	7727297	U Tom u don bun ki paralok ha Australia.
7399930	She said she wanted to marry me.	7727298	Ka ong ba ka kwah ban iashong bad nga.
6338418	You might get fired if you do that the way Tom told you to.	7727299	Phi lah ban shah behkam lada phi leh kumba bthah u Tom iaphi.
6338418	You might get fired if you do that the way Tom told you to.	7727300	Me lah ban shah behkam lada me leh kumba bthah u Tom iame
6338418	You might get fired if you do that the way Tom told you to.	7727301	Pha lah ban shah behkam lada pha leh kumba bthah u Tom iapha.
6716997	Sami was arrested.	7727302	U Sami u la shah kem.
7388139	He has a bruise on his right leg.	7727306	U don dakmong ha kjat kamon.
7388139	He has a bruise on his right leg.	7727308	U don dak jingmong ha kjat kamon.
7397449	He said he needs to go shopping.	7727311	U ong ba u donkam ban leit thiedjingthied.
7159370	I'm going to Australia the month after next.	7727313	Ngan leit sha Australia lashembnai.
7159370	I'm going to Australia the month after next.	7727314	Ngan leit sha Australia ha u bnai ban sa wan.
7242033	Sami smoked weed before he joined the military.	7727315	U Sami u dih kynja hashuwa ban leit kam shipai.
7409992	They said they were afraid to go there.	7727316	Ki ong ba ki tieng ban leit shato.
7409992	They said they were afraid to go there.	7727318	Ki ong ba ki tieng ban leit shatai.
7409992	They said they were afraid to go there.	7727320	Ki ong ba ki tieng ban leit shata.
7409992	They said they were afraid to go there.	7727321	Ki ong ba ki tieng ban leit shatei.
6254100	Tom told Mary that he didn't know how to play the saxophone.	7727324	U Tom u iathuh ia ka Mary ba um nang ban put saxophone.
6511886	I really thought Tom and Mary were hungry.	7727326	Nga da mut shisha ba u Tom bad ka Mary ki thngan.
6660421	I can't put up with Tom's bad manners any longer.	7727329	Ngam lah shah shuh iaka jingkhkemakor u Tom.
7383246	He had the right to defend himself.	7727330	U don ka hok ban iada ialade.
6244351	Tom has already taught me how to do that.	7727333	U Tom u lah dep lypa ban hikai ianga ban leh kato.
40112	Give me a piece of chalk.	7727755	Ai chalk.
51251	You should not do that kind of thing by yourself.	7727756	Phim dei ban leh kum kato da lade.
51251	You should not do that kind of thing by yourself.	7727757	Mem dei ban leh kum kato da lade.
51251	You should not do that kind of thing by yourself.	7727758	Pham dei ban leh kum kato da lade.
1224507	I'll get him to carry this box upstairs.	7727759	Ngan sa phah rah ha u ia kane ka synduk shalor.
1224507	I'll get him to carry this box upstairs.	7727760	Ngan sa phah rah ha u ia kane ka synduk shajrong.
2406151	I saw Tom running down the street.	7727761	Nga iohi ia ia u Tom ba u mareh shathie.
2406151	I saw Tom running down the street.	7727762	Nga iohi u Tom u mareh shathie.
6666680	I advised Tom not to waste his time trying to do that.	7727763	Nga bthah ia u Tom ba un ym pynlut por ban leh ia kato.
7379155	Mary hastily packed her suitcase.	7727764	Ka Mary ka song kyrkieh ia ka suitcase.
7541960	Tom hasn't been swimming in a long time.	7727765	Lah slem u Tom um pat jngi.
281206	We often eat fish raw in Japan.	7727766	Bunsien ngi bam im ia ka dohkha ha Japan.
281206	We often eat fish raw in Japan.	7727767	Ha Japan bunsien ngi bam im ia ka dohkha.
281206	We often eat fish raw in Japan.	7727768	Bunsien ha Japan ngi bam im ia ka dohkha.
2107841	Thanks for everything.	7727769	Khublei na ka bynta baroh.
68349	What were you doing when she came?	7727772	Phi leh aiu ha ka por ba i wan?
68349	What were you doing when she came?	7727773	Phi leh aiu ha ka por ba ka wan?
68349	What were you doing when she came?	7727774	Me leh aiu ha ka por ba i wan?
68349	What were you doing when she came?	7727775	Me leh aiu ha ka por ba ka wan?
68349	What were you doing when she came?	7727777	Pha leh aiu ha ka por ba i wan?
68349	What were you doing when she came?	7727779	Pha leh aiu ha ka por ba ka wan?
7727776	Tom was kneeling.	7727784	U Tom u demkhohsiew.
7727776	Tom was kneeling.	7727785	U Tom u dang demkhohsiew.
3250952	I know this is hard for you to understand.	7727787	Nga tip ba ka jynjar iaphi ba phin sngewthuh.
3250952	I know this is hard for you to understand.	7727788	Nga tip ba ka jynjar iame ba men sngewthuh.
3250952	I know this is hard for you to understand.	7727791	Nga tip ba ka jynjar iapha ba phan sngewthuh.
6269718	Tom has found out Mary can't read.	7727797	U Tom u lap ba ka Mary kam nang pule.
6269718	Tom has found out Mary can't read.	7727798	U Tom u lap ba ka Mary kam lah ban pule.
4354019	Friend me on Facebook. Huh, what's that? Really, so you don't do Facebook? You must not have any friends. That's terrible.	7727802	Add ianga ha Facebook. He, kaei kata? Shisha seh, phim ju leh Facebook? Kamut phim don paralok eiei. Sngewsih.
3920845	I knew very little about him.	7727803	Ngam tip bha shaphang jong u.
3920845	I knew very little about him.	7727804	Ngan da bna bha shaphang jong u.
3731927	How do people like you get to be people like you?	7727805	Kumno sa don ki jaid briew kum maphi?
3731927	How do people like you get to be people like you?	7727806	Kumno sa don ki jaid briew kum mame?
3731927	How do people like you get to be people like you?	7727807	Kumno sa don ki jaid briew kum mapha?
3312626	We thought you might want to come with us.	7727808	Ngi tip ba phin sa kwah ban wan bad ngi.
3312626	We thought you might want to come with us.	7727809	Ngi tip ba men sa kwah ban wan bad ngi.
3312626	We thought you might want to come with us.	7727810	Ngi tip ba phan sa kwah ban wan bad ngi.
3201599	Why didn't you ever tell me that?	7727812	Balei phim ju iathuh ianga shaphang kata?
3201599	Why didn't you ever tell me that?	7727813	Balei pham ju iathuh ianga shaphang kata?
3201599	Why didn't you ever tell me that?	7727814	Balei mem ju iathuh ianga shaphang kata?
7727811	Tom lives alone with his dog.	7727815	U Tom u sah marwei bad u ksew jong u.
2870781	He demoted you.	7727944	U lah pynhiar kyrdan iaphi.
2870781	He demoted you.	7727945	U lah pynhiar kyrdan iame.
2870781	He demoted you.	7727946	U lah pynhiar kyrdan iapha.
6048488	You shouldn't believe everything Tom says.	7727948	Phim dei ban ngeit lut kat kaba u Tom u ong.
6048488	You shouldn't believe everything Tom says.	7727950	Mem dei ban ngeit lut kat kaba u Tom u ong.
6048488	You shouldn't believe everything Tom says.	7727951	Pham dei ban ngeit lut kat kaba u Tom u ong.
37921	Where would you like to go?	7727952	Shano phi kwah ban leit?
37921	Where would you like to go?	7727955	Shano me lwah ban leit?
37921	Where would you like to go?	7727956	Shano pha kwah ban leit?
37921	Where would you like to go?	7727957	Shaei phi kwah ban leit?
37921	Where would you like to go?	7727958	Shaei pha kwah ban leit?
37921	Where would you like to go?	7727959	Shaei me kwah ban leit?
2646022	My car's in the garage.	7727961	Ka kali jong nga ka don ha sem kali.
6654316	Tom said that he didn't want to live in Boston anymore.	7727967	U Tom u ong ba um kwah shuh ban sah ha Boston.
6852668	A lot of people drowned when the ship sank.	7727968	Bun ngut ki briew ki la ngam jyllop por ba ngam ka jhat.
7235773	I don't think I've ever seen Tom here before.	7727969	Ngam tharai re ba nga lah ïohi ia u Tom hangne mynno mynno.
7441971	Tom and Mary won't allow dogs in their houses.	7727970	U Tom bad ka Mary kim shah ba ki ksew kin rung hapoh ïing jong ki.
1805075	He was right to keep silent.	7728009	U dei hok ba un sngapjar.
7151100	Sami is a good dad.	7728011	U Sami u long u kpa ba bha.
7151100	Sami is a good dad.	7728013	U Sami u long u kpa ba biang.
1357603	Done.	7728016	Lah dep.
6273710	Are these your shoes?	7728017	Kine kidei ki juti jongphi?
6273710	Are these your shoes?	7728018	Kine kidei ki juti jongme?
6273710	Are these your shoes?	7728019	Kine kidei ki juti jongpha?
6273710	Are these your shoes?	7728020	Ki juti jongphi kine?
6273710	Are these your shoes?	7728022	Ki juti jongme kine?
6273710	Are these your shoes?	7728023	Ki juti jongpha kine?
5915855	I told my parents everything.	7728028	Nga iathuh lut ia i mei i pa.
5915855	I told my parents everything.	7728029	Nga la iathuh lut ia i mei i pa.
282398	Nonsense!	7728040	Kamkai!
320395	Study!	7728041	Khreh kot!
364954	Die!	7728043	Ïap!
434680	Enough!	7728044	Lah biang!
491243	Whatever!	7728045	Mat ia dep!
491243	Whatever!	7728046	Dep shato!
491243	Whatever!	7728047	Mat ia dep shato!
516745	Goodbye!	7728048	Ho!
516745	Goodbye!	7728049	Mo!
516745	Goodbye!	7728051	Lah leit mo!
516745	Goodbye!	7728052	Sa leit ho!
538123	Hi.	7728053	Ei.
590217	Hey.	7728053	Ei.
628213	Correct!	7728054	Kadei!
628213	Correct!	7728055	Dei!
631038	Jump.	7728056	Kynthih.
631038	Jump.	7728057	Ryngkoh.
647456	Bye!	7728049	Mo!
647456	Bye!	7728048	Ho!
689811	Hush!	7728059	Shhhh!
693617	Idiot!	7728060	Bieij!
693617	Idiot!	7728061	Kale!
693617	Idiot!	7728062	Sniang!
695013	Fool!	7728060	Bieij!
695839	Duh.	7728063	Te.
695839	Duh.	7728064	O te.
791608	Fry.	7728065	Sdieh.
843052	Again.	3948840	Sa shisien.
885704	Remember!	7728066	Kynmaw!
885704	Remember!	7728067	Da kynmaw!
890415	Come!	7728068	Wan!
906328	Run!	7728069	Mareh!
922491	Impossible.	7728070	Bymlahlong
943665	Hooray!	7728071	Ihiw!
971791	Nonsense.	7728072	Kamkai.
1010322	Strange.	7728073	Phylla.
1014545	So?	7728074	Te?
1037170	Enter!	7728075	Rung!
1068125	Goodnight!	7728177	Thiah suk.
1115430	Scram!	7728178	Shuh!
1115430	Scram!	3931121	Phet!
1588724	Quiet!	7728181	Jarjar!
1588724	Quiet!	7728182	Sngapjar!
1747561	Try!	7728193	Pyrshang!
1768349	Begin!	7728196	Sdang!
1802121	Speak!	7728197	Kren!
1804273	Look!	7728199	Peit!
1806425	Quick!	7728201	Kloi!
1806425	Quick!	7728202	Wut!
1806425	Quick!	7728204	Kloi wut!
1829639	Fire!	7728207	Siat!
1858850	Hello.	7728208	Kumno.
1913088	Listen.	7728210	Sngap.
2083030	Who?	7728212	Mano?
2170677	Anyway.	7728215	Da kumno kumno.
2275597	Answer!	7728216	Jubab!
2429669	Lazybones.	7728219	Jaituh.
2739031	Write!	7728222	Thoh!
2752312	Out!	7728223	Shabar!
2877272	Go.	7728224	Leit.
2877272	Go.	7728225	Khie.
2883870	Kneel!	7728226	Dem!
2883870	Kneel!	7728227	Nguh!
2897148	Alright.	7728228	To.
3048304	Wait.	7728229	Ap.
3378159	Sorry.	3968653	Map.
3642339	Recently.	7729536	Dang shen.
3652097	Very!	7729537	Shibun!
3652097	Very!	7729539	Shibun eh!
3758593	Ow!	7729540	Aw!
3758593	Ow!	3952403	Ada!
3758593	Ow!	3952399	Adi!
4838261	Right?	7729543	Em?
4838262	Likewise.	7729544	Kumjuh.
4869848	Me!	7729545	Nga!
4869848	Me!	7729546	Manga!
5008657	Really!	4658247	Shisha!
5041763	Here?	7729550	Hangne?
5041763	Here?	7729551	Shane?
5041825	Choose.	7729553	Jied.
5135297	Understood?	7729555	Sngewthuh?
5135297	Understood?	7729556	Lah pei?
5138346	Chill.	7729557	Jaijai.
5289484	Fly!	7729559	Her!
5340459	Walk.	7729561	Iaid.
5340472	Beware!	7729563	Husiar!
5366774	Therefore?	7729564	Haba kumta?
5366785	Yummy!	7729565	Bang!
5379486	Halt!	4658358	Sangeh!
5383962	Pretty!	7729568	Tynnad!
5545232	Smile!	7729570	Rymmuiñ!
5545232	Smile!	7729571	Shri!
5693342	Sleep!	7729572	Thiah!
5715657	Always.	7729573	Man ka por.
5723528	Maybe.	7729575	Tharai.
5723530	Correct.	7729577	Dei.
6004026	Fight!	7729580	Iakhun!
6004026	Fight!	7729581	Iashoh!
6046859	Buy!	7729583	Thied!
6046860	Sell!	7729584	Die!
6046862	Sing!	7729585	Rwai!
6046863	Play!	7729587	Lehkai!
6046863	Play!	7729588	Tem!
6078396	Honestly...	7729593	Ha ka jingshisha...
6090605	Push.	7729595	Khynñiat.
6090607	Pray.	7729596	Dwai.
7511362	Tom didn't tell anybody he wanted to do that.	7729598	U Tom u khlem iathuh iano iano ba u kwah ban leh ia kato.
7511362	Tom didn't tell anybody he wanted to do that.	7729599	U Tom u khlem iathuh iano iano ba u kwah ban leh ia kata.
7202022	Sami went through Layla's stuff.	7729600	U Sami u khura ia ki tiar ka Layla.
6437352	Tom said he didn't remember much.	7729603	U Tom u ong ba um da kynmaw bha.
5028374	Why are you all shocked?	7729604	Balei phi ia lyngngoh?
4664369	Would you mind calling Tom for me?	7729605	Long phin khot ia u Tom?
1495901	Did anybody come?	7729606	Don ba wan?
1495901	Did anybody come?	7729607	Don mano mano ba wan?
7410293	They pretended they were afraid.	7729608	Ki leh kumba ki tieng.
7226428	I don't think that Tom would be stupid enough to do something like that.	7729609	Ngam tharai re ba u Tom un bieij haduh katta katta ba un leh kumto.
1629184	He spoke to me when he saw me.	7729611	U Kren ianga mynba u ïohi ianga.
1629184	He spoke to me when he saw me.	7729612	U kren ianga por ba u ïohi ianga.
300277	He is one of the greatest scientists in the world.	7729613	U dei uwei na ki scientist kiba khraw tam ha pyrthei.
7409161	They already know what they'll do.	7729614	Ki lah tip lypa kin leh aiu.
5825809	I just laughed because everyone else did.	7729615	Nga shu rkhie namar baroh ki ia rkhie.
5464260	We should give this a try.	7729616	Ngi dei ban pyrshang ia kane.
4496504	What'll change?	7729617	Kaei ka ban kylla?
4015795	Tom has lots of friends.	7729618	U Tom u don bun ki paralok.
3826796	Tom didn't want to go there alone.	7729619	U Tom um kwah ban leit shato marwei.
3826796	Tom didn't want to go there alone.	7729620	U Tom um kwah ban leit shatei marwei.
3826796	Tom didn't want to go there alone.	7729621	U Tom um kwah ban leit shatai marwei.
7389417	She's with her dogs.	7729622	Ka don bad ki ksew jongka.
7184476	The hospital where Tom was born is in Australia.	7729623	Ka hospital ha kaba la kha ia u Tom ka don ha Australia.
5438411	I've got one just like that.	7729624	Nga don kum ito.
5438411	I've got one just like that.	7729625	Nga don kum kato.
5438411	I've got one just like that.	7729626	Nga don kum uto.
69992	What were you doing at that time?	7729627	Phi leh aiu katto baje?
69992	What were you doing at that time?	7729629	Phi leh aiu ha kato ka por?
69992	What were you doing at that time?	7729631	Me leh aiu ha kato ka por?
69992	What were you doing at that time?	7729634	Me leh aiu katto baje?
69992	What were you doing at that time?	7729638	Pha leh aiu katto baje?
69992	What were you doing at that time?	7729642	Pha leh aiu ha kato ka por?
3917616	This is for me.	7730194	Kane kadei na ka bynta jongnga.
3917616	This is for me.	7730197	Une udei na ka bynta jongnga.
6342895	About how many days will you be in Boston?	7730576	Kumba katno sngi phin don ha Boston?
6342895	About how many days will you be in Boston?	7730577	Kumba katno sngi phan don ha Boston?
6342895	About how many days will you be in Boston?	7730578	Kumba katno sngi men don ha Boston?
7730186	Do you remember where Tom left his umbrella?	7730580	Phi kynmaw haei u Tom u buh ka shatri?
7730186	Do you remember where Tom left his umbrella?	7730581	Me kynmaw haei u Tom u buh ka shatri?
7730186	Do you remember where Tom left his umbrella?	7730582	Pha kynmaw haei u Tom u buh ka shatri?
7730186	Do you remember where Tom left his umbrella?	7730583	Pha kynmaw hangno u Tom u buh ka shatri?
7730186	Do you remember where Tom left his umbrella?	7730584	Phi kynmaw hangno u Tom u buh ka shatri?
7730186	Do you remember where Tom left his umbrella?	7730586	Me kynmaw hangno u Tom u buh ka shatri?
3805442	A long time ago when Pluto was still a planet, there was a boy named Tom.	7738237	Mynshuwa haka por ba u Pluto u dang dei u planet, don u khynnah ba kyrteng Tom.
318869	It has been ten years since my father passed away.	7738511	Lah don shiphew snem naduh ba khlad i pa.
2272023	It didn't go well.	7743541	Ka khlem iaid bha.
2272023	It didn't go well.	7743542	Ka khlem long bha.
20852	I put my gloves on inside out by mistake.	7762388	Nga phong bakla da lyndet ia ki gloves.
56938	This book is easy for me to read.	7816590	Kane ka kot ka suk ianga ban pule.
285184	Grab him.	7816591	Bat ia u.
7981472	I'm pretty sure Tom can do it.	4064250	Nga thikna ba u Tom u lah ban leh.
6874239	We're going to the market.	3941378	Ngi leit sha iew.
9331168	Pardon me, but that's my racket.	5254137	Sngewbha, tangba kato kadei ka racket jongnga.
6356614	Tom almost always wins.	9826501	U Tom u jan jop beit man ka por.
7226640	I don't think Tom knows that I'm not single anymore.	9826502	Ngam tharai ba u Tom u tip ba ngam marwei shuh.
6146076	The kittens play with the children.	9826503	Ki khun miaw ki lehkai bad ki khynnah.
7506511	Tom has already spent all the money that I gave him.	9826505	U Tom u lah da pynlut baroh ka pisa ba nga ai ia u.
2764447	They have a lot of them in Switzerland.	9826507	Ki bun kum kito ha Switzerland.
4904856	This is extremely important.	9826508	Kane kadei kaba donkam bha.
4904856	This is extremely important.	9826509	Kane ka dei kaba donkam palat.
4904856	This is extremely important.	9826510	Kane ka dei kaba donkam shibun.
5927332	Is this biodegradable?	9826511	Une dei ba pyut?
5927332	Is this biodegradable?	9826512	Kane dei ba pyut?
1488126	What was the first capital of Portugal?	9826514	Kaei kaba ju dei ka nongbah jong ka Portugal?
8552485	Tom will be here with me.	9826517	U Tom un sa don hangne bad nga.
7440348	They said that they would do it.	9826518	Ki ong ba kin sa leh maki.
7440348	They said that they would do it.	9826519	Ki ong ba kin leh maki.
6092669	They only hate foreigners, while I hate everybody.	9826520	Ki isih tang ia ki nongwei, nga pat nga isih ia baroh.
6092669	They only hate foreigners, while I hate everybody.	9826521	Ki isih tang ia ki nongwei, nga pat nga isih kat ia ba don.
6274269	Tom said Mary wasn't happy.	9826522	U Tom u ong ba ka Mary kam kmen.
9826463	Tom wasn't able to figure out how to get the box open.	9826546	U Tom u khlem lah kumno ban plie ia ka synduk.
9826459	Tom doesn't walk to school with the other kids.	9826551	U Tom um ju iaid sha skul bad kiwei kiwei ki khynnah.
9826458	Tom didn't take the kids to school today.	9826556	U Tom u khlem ialam ia ki khynnah sha skul mynta ka sngi.
9826456	They're looking for Tom in Australia.	9826559	Ki ia wad ia u Tom ha Australia.
9826456	They're looking for Tom in Australia.	9826561	Ki ia wad ia u Tom sha Australia.
9826456	They're looking for Tom in Australia.	9826563	Ki dang ia wad ia u Tom ha Australia.
9826456	They're looking for Tom in Australia.	9826565	Ki dang ia wad ia u Tom sha Australia.
9826454	Why did you stop studying French?	9826568	Balei me sangeh pule French?
9826449	Tom locked himself in his room and closed all the windows.	9826575	U Tom u khangkut ialade ha kamra bad u khang lut ki jingkhangïit.
9826444	Tom cuts his own hair.	9826579	U Tom u khap shñiuh hi.
9826444	Tom cuts his own hair.	9826580	U Tom u khap hi ia u shñiuh jong lajong.
9826443	Tom cut his own hair.	9826581	U Tom u khap hi ia u shñiuh.
9826432	Who cooked?	9826588	Mano ba shet?
9826431	Tom was the one who cooked breakfast.	9826590	U dei u Tom uba shet ja step.
9826430	Tom was the one who cooked.	9826592	U dei u Tom uba shet.
9826429	Tom cooked.	9826593	U Tom u shet.
9826409	Tom's fingers are like a woman's.	9826594	Ki shympriah kti u Tom ki long kum jong kynthei.
9826380	Tom's hair is longer than a woman's.	9826596	U shñiuh u Tom u jrong ban ia jong kynthei.
9826380	Tom's hair is longer than a woman's.	9826599	U shñiuh jong u Tom u kham jrong ban ia jong kynthei.
9826352	You must leave before my husband comes back.	9826600	Phi hap ban mih noh shwa ban wan u lok jong nga.
9826345	Things aren't going as well as I expected.	9826605	Ki kam ki jam kim da iaid bha re kumba nga mut.
9826308	It's hotter than usual tonight.	9826607	Ka kham shit ban ia barabor mynta ka miet.
9826304	Tom is more gullible than Mary is.	9826608	U Tom u kham ngeit biej ban ia ka Mary.
