2973	Uno, dos, tres, cuatro, cinco, seis, siete, ocho, nueve, diez.	1560616	אײנס, צװײ, דרײַ, פֿיר, פֿינף, זעקס, זיבן, אַכט, נײַן, צען.
437034	Quiero llamar...	1417214	איך וויל קלינגען...
571802	Este té está ardiendo.	1560542	די טײ איז זײער הײס.
571802	Este té está ardiendo.	1560543	די טײ איז קאָכעדיק.
779889	¿Dónde la conocisteis?	1417236	א-וווּ האסט-דו איר געטרעפן?
1084855	Yo cocinaré esta noche.	1556641	הײַנטיקס אָװנט װעל איך קאָכן.
1135940	Le falta dinero.	1585549	ער נױטיקט זיך אין געלט.
1297822	¿Quién cuidará de la casa durante tu ausencia?	2401830	ווער וועל זיין שומר אויף דיין שטוב, ווען דו ביסט אוועק?
1556558	¿No tiene usted hambre?	1556630	ביסט נישט הונגעריק?
2779780	Quiero hablar sobre ello.	2402940	איך וויל רעדן וועגן עס.
2779864	Yo tenía dudas.	2403126	איך האב ספקות געהאט.
1128040	Ella lamió la cuchara.	4254257	זיא האט געלעקט דעם לעפל.
1639176	Por Dios, deja de llorar.	4293826	אוי גאטעניו, גענוג וויינען שוין.
6365985	Otro mundo es posible.	7084509	אַן‎ אַנדער וועלט איז מעגלעך.
1502258	El trabajo libera.	7292966	אַרבעט מאַכט פֿרײַ.
332228	De nada.	7878224	נישטאָ פֿאַרוואָס.
602098	No hay de qué.	7878224	נישטאָ פֿאַרוואָס.
1179060	¡De nada!	7878224	נישטאָ פֿאַרוואָס.
1179060	¡De nada!	7878226	נישטאָ פֿאַרוואָס!
463309	Este es mi hermano.	7878241	דאָס איז מײַן ברודער.
6600586	La familia es la familia.	7878242	משפּחה איז משפּחה.
567836	¿Dónde está su familia?	7878250	װוּ איז זײַן משפּחה?
375872	¿Por qué?	7878255	פֿאַרװאָס?
731630	Yo también.	7878262	מיר אויך.
5033320	Eres como tu hermana.	7879678	דו ביסט װי דײַן שװעסטער.
2255720	Fuimos a pie.	7879711	מיר זענען געגאַנגען.
5016766	Canté.	7879738	איך האָב געזונגען.
6861990	Quieren irse.	7879809	זיי װילן אַוועקגיין.
377225	Él tiene un perro.	7882959	ער האָט אַ הונט.
5051233	Tiene un perro.	7882959	ער האָט אַ הונט.
5051233	Tiene un perro.	7882962	זי האָט אַ הונט.
4471666	Ella es una puta.	7884640	זי איז אַ זונה.
4471666	Ella es una puta.	7884693	זי איז אַ קורווע.
7154397	Cada país es distinto.	7884793	יעדע לאַנד איז פֿאַרשיידן.
2507852	Buenas noches.	7886539	אַ גוטע נאַכט.
528431	¡Buenas noches!	7886580	אַ גוטע נאַכט!
5720508	La contaminación es un problema creciente.	7896897	פאַראומרייניקונג איז אַ וואַקסנדיק‎ע פּראָבלעם.
7899169	El silencio no siempre es bueno.	7899215	שטילקייט איז נישט אַלע מאָל‎ גוט.
497573	Yo no vi nada.	1557489	איך האָב גאָרנישט געזען.
3507525	Mi padre viajó a China.	1557736	מײַן טאַטע איז געפֿאָרן קײן כינע.
743042	No puedo comer más.	3114782	איך קען נישט עסן מער.
3073440	Trabajo contigo.	7902296	כ'אַרבעט מיט דיר.
3073445	Estoy trabajando contigo.	7902296	כ'אַרבעט מיט דיר.
3073440	Trabajo contigo.	7902295	איך אַרבעט מיט דיר.
3073445	Estoy trabajando contigo.	7902295	איך אַרבעט מיט דיר.
1814879	¡Rápido!	3123966	שנעל!
2786781	Yo el Predicador fui rey sobre Israel en Jerusalén.	2789441	איך קהלת בין געװען אַ מלך איבער ישׂראל אין ירושלים.
2295331	Mi hermana era una mujer guapa.	1560572	מײַן שװעסטער איז געװען אַ שײנע פֿרױ.
578630	En el principio creó Dios los cielos y la tierra.	1560552	אין אָנהײב האָט גאָט באַשאַפֿן דעם הימל און די ערד.
1048539	Al principio Dios creó el cielo y la tierra.	1560552	אין אָנהײב האָט גאָט באַשאַפֿן דעם הימל און די ערד.
1216408	En el principio Dios creó los cielos y la tierra.	1560552	אין אָנהײב האָט גאָט באַשאַפֿן דעם הימל און די ערד.
630721	Este libro fue muy interesante.	1559138	דאָס בוך איז געװען זײער אינטערעסאַנט.
2210170	Este libro era muy interesante.	1559138	דאָס בוך איז געװען זײער אינטערעסאַנט.
1569319	¡Mierda, mi polola ya volvió! ¿Qué hacemos?	7906433	צו אַל די רוחות! מײַן פֿרײַנדינע איז שוין צוריק! װאָס זאָלן מיר מאַכן?
1999893	¡Mierda, ya ha vuelto mi novia! ¿Qué vamos a hacer?	7906433	צו אַל די רוחות! מײַן פֿרײַנדינע איז שוין צוריק! װאָס זאָלן מיר מאַכן?
356775	Hasta las cuatro estoy ocupado.	1560622	איך בין באַשעפֿטיקט ביז פֿיר אַ זײגער.
5115439	La página web se ve bien.	1561649	דער װעבזײַט זעט אױס גוט.
4573079	¡Liberen a Palestina!	7920598	באַפֿרײַט פּאַלעסטינע!
871995	¿Dónde está tu hermano?	1417440	אווו איז דיין ברודער?
2278686	En un principio, en la mitología griega, la historia de Europa era una historia de amor.	949252	אין אָנהייב, אין דער גריכישער מיטאָלאָגיע, איז די מעשה פֿון אייראָפע געווען אַ ליבע־געשיכטע.
1660415	La manzana es roja.	7927751	דער עפּל איז רויט.
5257396	La manzana es roja y amarilla.	7927755	דער עפּל איז רױט און געלב.
1660442	Es la manzana de John.	7927763	ער איז דזשאָנס עפּל.
956034	Nadar es fácil.	7928151	שװימען איז גרינג.
867223	Es fácil.	7928157	ס'איז גרינג.
539388	El cielo es azul.	7929442	דער הימל איז בלױ.
7152008	Esto es una naranja.	7097459	דאָס איז אַ מאַראַנץ.
506042	Soy ingeniero.	7950033	איך בין אַן אינזשעניר.
3562567	Soy un ingeniero.	7950033	איך בין אַן אינזשעניר.
5029922	Comí una manzana.	7954918	איך האָב געגעסן אַן עפּל.
2011204	No está ahí.	7912986	עס איז נישט דאָרטן.
2842	Yo estoy de acuerdo.	7958158	כ'בין מסכּים.
378279	Estoy de acuerdo.	7958158	כ'בין מסכּים.
803643	De acuerdo.	7958158	כ'בין מסכּים.
2084345	John se hizo policía.	1557206	דזשאָן איז געװאָרן אַ פּאָליציאַנט.
375872	¿Por qué?	7968988	למאַי?
1502706	¡Hola!	7880748	שלום־עליכם!
539388	El cielo es azul.	7969083	דער הימל איז בלאָ.
7969507	¿Quién quiere aprender japonés?	7969524	ווער וויל זיך לערנען יאַפּאַניש?
4780456	Es todo lo que necesito.	7969561	מער פֿעלט מיר ניט.
5086515	Habla árabe.	7969735	זי רעדט אַראַביש.
5229494	Ella habla árabe.	7969735	זי רעדט אַראַביש.
2638402	Hablo árabe.	7969733	איך רעד אַראַביש.
435053	Él escribe árabe.	7969732	ער שרײַבט אַראַביש.
434987	Él lee árabe.	7969731	ער לײענט אַראַביש.
2481125	Tom habló en francés.	7969730	טאָם האָט גערעדט פֿראַנצײזיש.
2451695	Tom habla francés.	7969729	טאָם רעדט פֿראַנצײזיש.
2451711	Tom entiende francés.	7969728	טאָם פֿאַרשטײט פֿראַנצײזיש.
2346705	¿Quién habla francés?	7969726	װער רעדט פֿראַנצײזיש?
1134280	Nosotros estamos aprendiendo árabe.	7969734	מיר לערנען זיך אַראַביש.
1144621	Mi hermano no tiene ocupación ahora.	7971612	מײַן ברודער האָט איצט נישט קײן באַשעפֿטיקונג.
1144621	Mi hermano no tiene ocupación ahora.	7971614	מײַן ברודער האָט איצט נישט קײן טועכץ.
3190822	Ahora mi hermano no tiene trabajo.	7971614	מײַן ברודער האָט איצט נישט קײן טועכץ.
7978832	Boris Johnson es el Donald Trump británico.	7978844	באָריס דזשאָנסאָן איז דער בריטישער דאָנאַלד טראָמפּ.
3483107	¡Cuando la rana críe pelos!	7981337	ווען משיח וועט קומען!
4422361	A la mierda con todo.	7996102	אין דר'ערד אַרײַן מיט אַלץ.
477135	Sí.	8011474	יאָ.
483422	¡Vete a la mierda!	8075080	גיי קאַקן אויפֿן ים!
4444257	Esto no es una pipa.	8076585	דאָס איז ניט קיין פּיפּקע.
4444257	Esto no es una pipa.	8076587	דאָס איז נישט קיין פּיפּקע.
4444257	Esto no es una pipa.	8076594	דאָס איז נישט קיין ליולקע.
4444257	Esto no es una pipa.	8076593	דאָס איז ניט קיין ליולקע.
4444257	Esto no es una pipa.	8076605	דאָס איז נישט קיין פֿײַקע.
4444257	Esto no es una pipa.	8076604	דאָס איז ניט קיין פֿײַקע.
5069334	La propiedad es un robo.	7025288	אייגנטום איז גנבֿה.
1306106	Tom es un ladrón.	8082099	טאָם איז אַ גנבֿ.
1173686	¡Alto! ¡Ladrón!	8082529	האַלט! גנבֿ!
558509	Es un ladrón.	8082548	ער איז אַ גנבֿ.
2382823	No soy un ladrón.	8082560	איך בין ניט קײן גנבֿ.
2382823	No soy un ladrón.	8082561	איך בין נישט קײן גנבֿ.
1426315	El sol brillaba.	8082783	די זון האָט געשײַנט.
598225	El sol brilla.	1562088	די זון שײַנט.
1404653	El sol está brillando.	1562088	די זון שײַנט.
3309153	El Sol brilla para todos.	8082751	די זון שײַנט פֿאַר אַלע.
2228359	Sos un chorro.	8082551	דו ביסט אַ גנבֿ.
1333280	¿Le ponemos un poco más de sal?	8096248	צי זאָלן מיר צולײגן אַ ביסל מער זאַלץ?
1333280	¿Le ponemos un poco más de sal?	8096247	זאָלן מיר צולײגן אַ ביסל מער זאַלץ?
436444	Estoy cansado.	8102483	כ'בין מיד.
455960	Estoy cansada.	8102483	כ'בין מיד.
537856	Estaba cansado.	8102492	כ'בין געװען מיד.
537856	Estaba cansado.	8102491	איך בין געװען מיד.
507142	Él parece cansado.	8102493	ער זעט אױס מיד.
1413579	Parece cansado.	8102493	ער זעט אױס מיד.
1413584	Parece estar cansado.	8102493	ער זעט אױס מיד.
1151911	Me siento cansado.	8102509	איך פֿיל זיך מיד.
800717	¿Hablas klingon?	8104218	צי רעדסטו קלינגאָניש?
800720	¿Habla klingon?	8104220	צי רעדט איר קלינגאָניש?
800723	¿Habláis klingon?	8104220	צי רעדט איר קלינגאָניש?
1280022	John es astuto.	8104275	דזשאָן איז קלוג.
434681	¡Basta!	8104404	באַסטאַ!
4482208	Me gusta el arroz.	8105026	איך האָב ליב רײַז.
884993	¿Entiendes?	8105242	פֿאַרשטײסטו?
884993	¿Entiendes?	8105243	צי פֿאַרשטײסטו?
2142367	¿Entendéis?	8105245	צי פֿאַרשטייט איר?
6694951	¿Entiende?	8105245	צי פֿאַרשטייט איר?
2142367	¿Entendéis?	8105246	צי פֿאַרשטײט איר?
6694951	¿Entiende?	8105246	צי פֿאַרשטײט איר?
639203	Jesús te odia.	8107651	יאָשקע האָט דיך פֿײַנט.
639203	Jesús te odia.	8107652	ישו האָט דיך פֿײַנט.
7722409	Los beduinos viven en el desierto.	8108489	די בעדואינער לעבן אינעם מידבר.
9921	Ayer compré un libro.	1559137	נעכטן האָב איך געקױפֿט אַ בוך.
1894352	Compré un libro ayer.	1559137	נעכטן האָב איך געקױפֿט אַ בוך.
1522771	Creo que él está cansado.	8107640	איך מײן אַז ער איז מיד.
2676882	Nadie me entendía.	8107720	קײנער האָט מיך ניט פֿאַרשטאַנען.
457848	Odio el café.	8107650	כ'האָב פֿײַנט קאַװע.
6471502	Detesto el café.	8107650	כ'האָב פֿײַנט קאַװע.
457848	Odio el café.	8107649	איך האָב פֿײַנט קאַװע.
6471502	Detesto el café.	8107649	איך האָב פֿײַנט קאַװע.
673808	Hay mucho dinero.	8106765	ס'איז דאָ אַ סך געלט.
2965	"Gracias." "De nada."	743751	"א דאַנק" "נישטאָ פאַרוואָס"
3664380	"Gracias." "No hay de qué."	743751	"א דאַנק" "נישטאָ פאַרוואָס"
7586163	La cesta está llena de botellas.	8136811	דער קאָרב איז פֿול מיט פֿלעשער.
6674918	Es una gran persona.	8136781	איר זײַט אַ גרױסער מענטש.
581213	Ella le odiaba.	8107648	זי האָט אים פֿײַנט געהאַט.
6924247	Tom se identifica como queer.	7529042	טאָם אידענטיפיצירט זיך װי קוויר.
6726944	Tom está enojadísimo.	8171345	טאָם איז זײער ברוגז.
3775654	Tom parece estar enojado.	8171596	טאָם זעט אױס ברוגז.
2418220	Jane estaba enojada.	8171593	דזשײן איז געװען אין כּעס.
2418220	Jane estaba enojada.	8171590	דזשײן איז געװען ברוגז.
645075	¿Estás enojado?	8171578	ביסטו ברוגז?
4484505	¿Estás enojada?	8171578	ביסטו ברוגז?
635932	¿Estás loco?	8174172	ביסטו משוגע?
1387876	¿Estás loca?	8174172	ביסטו משוגע?
1128004	Ella se enojó.	8171574	זי איז געוואָרן ברוגז.
8046312	Se enojó.	8171574	זי איז געוואָרן ברוגז.
2720113	¿Está usted loca?	8174173	זײַט איר משוגע?
2720117	¿Está usted loco?	8174173	זײַט איר משוגע?
1476902	Nunca más.	8179392	קיינמאָל מער.
2597617	Tom es fiel.	8179446	טאָם איז געטרײַ.
6629379	Tom fue leal.	8179447	טאָם איז געװען געטרײַ.
2922	¡Toma un libro y léelo!	1559044	נעם אַ בוך און לײען עס.
454074	Tengo dos libros.	8217680	איך האָב צװײ ביכער.
454134	Tienes que ir.	8221419	דו מוזסט גיין.
1202440	No importa.	8224240	ס'איז ניט חשובֿ.
5023235	Nadie sabe nada.	8243753	קיינער ווייס גאָרנישט.
5018294	Nadie sabe algo.	8243753	קיינער ווייס גאָרנישט.
1527961	El gato es grande.	8246013	די קאַץ איז גרויס.
568122	A ella le gusta escuchar música.	8249809	זי האָט ליב צוהערן מוזיק.
6393080	Los gatos son inteligentes.	8249821	קעץ זענען קלוג.
4058376	¡Sí!	8253492	יאָ!
1766916	Te amo, Laurie.	8253933	איך האָב דיך ליב, לאָרי.
2150108	Nadie respondió.	8097625	קײנער האָט ניט געענטפֿערט.
3958282	El perro es negro.	8256077	דער הונט איז שװאַרץ.
1174898	Ella habla un poco de árabe.	8258578	זי רעדט אַ ביסל אַראַביש.
376608	No sé.	8261890	איך ווייס נישט.
2394637	Yo no sé.	8261890	איך ווייס נישט.
376608	No sé.	8261889	איך ווייס ניט.
2394637	Yo no sé.	8261889	איך ווייס ניט.
2351624	No tengo casa.	8262482	איך האָב ניט קײן הױז.
1636008	¡Empuja!	8266849	שטופּ!
1636010	¡Empuje!	8266849	שטופּ!
8272305	No tengo sed.	8272317	כ'בין ניט דאָרשטיק.
526220	Soy gay.	8276360	כ'בין געי.
3012395	Él es gay.	8276375	ר'איז גײ.
3699695	Este perro es gay.	8276379	דער הונט איז גײ.
2764953	No soy gay.	8276381	כ'בין ניט גײ.
526230	Soy gay, ¿y?	8280570	כ'בין גײ, נו?
4523918	Soy gay, ¿y qué?	8280570	כ'בין גײ, נו?
1266269	Algunos niños nadan en el mar.	8285983	עטלעכע קינדער שװימען אינעם ים.
772390	Algunos niños están nadando en el mar.	8285983	עטלעכע קינדער שװימען אינעם ים.
1266269	Algunos niños nadan en el mar.	8285982	עטלעכע קינדער שװימען אין ים.
772390	Algunos niños están nadando en el mar.	8285982	עטלעכע קינדער שװימען אין ים.
2444399	Está llegando el invierno.	4317762	ווינטער קומט.
2406606	Soy astrónomo.	8300751	כ'בין אַן אַסטראָנאָם.
2474752	Voy a dormir acá.	8303997	כ'װעל דאָ שלאָפֿן.
694799	¿Qué has dicho ayer?	8304027	װאָס האָסטו געזאָגט נעכטן?
1766761	¿Qué dijiste ayer?	8304027	װאָס האָסטו געזאָגט נעכטן?
336554	Eso es un lápiz.	8305147	דאָס איז אַ בלײַער.
345302	Esto es un lápiz.	8305147	דאָס איז אַ בלײַער.
2125501	Eso es una mesa.	8305144	דאָס איז אַ טיש.
1284268	Esta es una mesa.	8305144	דאָס איז אַ טיש.
4225881	La India es mi país.	8307193	אינדיִע איז מײַן לאַנד.
2764953	No soy gay.	8313501	כ'בין נישט גײ.
8316432	Vivimos en Hungría.	8317550	מיר װינען אין אונגערן.
8317710	Tom tiene amigos en Alemania.	8318708	טאָם האָט חבֿרים אין דײַטשלאַנד.
514750	Hoy no estoy ocupado.	8322377	הײַנט בין איך ניט פֿאַרנומען.
514751	Hoy no estoy ocupada.	8322377	הײַנט בין איך ניט פֿאַרנומען.
5057936	Sos inteligente.	8104279	דו ביסט קלוג.
5057935	Eres inteligente.	8104279	דו ביסט קלוג.
628241	Estamos de acuerdo.	7968958	מיר זענען מסכּים.
1283000	Lee este libro.	8344112	ליין דעיע בוך.
1283000	Lee este libro.	8104332	לײען דאָס בוך.
1660415	La manzana es roja.	8344092	די עפל איז רויט.
1545423	Mi nombre es Ivan.	8346479	מײַן נאָמען איז איװאַן.
1809339	¿Cuándo fuiste a Roma?	8346502	װען ביסטו געפֿאָרן קײן רױם?
6021726	El perro comió mi tarea.	8346947	דער הונט האָט אױפֿגעגעסן מײַן הײמאַרבעט.
1296693	Ella estudia inglés.	8349134	זי שטודירט ענגליש.
2068368	Soy un gato.	8351002	כ'בין אַ קאַץ.
2068368	Soy un gato.	8351003	איך בין אַ קאַץ.
1272526	George Washington fue el primer presidente de Estados Unidos de América.	8353294	דזשאָרזש װאַשינגטאָן איז געװען דער ערשטער פּרעזידענט פֿון די פֿאַראײניקטע שטאַטען פֿון אַמעריקע.
433632	¡No pasarán!	8361422	זיי וועלן ניט דורכגיין!
2816482	Tiene buen corazón.	8362386	ער איז גוטהאַרציק.
1206525	Él tiene buen corazón.	8362386	ער איז גוטהאַרציק.
872310	Hay un hombre en la puerta que quiere hablar contigo.	8366790	ס'איז דאָ אַ מאַן אין טיר וואָס וויל רעדן מיט דיר.
6864200	Un oso mató a Tom.	8366848	אַ בער האָט געטײט טאָמען.
2255720	Fuimos a pie.	8372165	מיר זײַנען געגאַנגען.
6393080	Los gatos son inteligentes.	8372238	קעץ זײַנען קלוג.
628241	Estamos de acuerdo.	8372193	מיר זײַנען מסכּים.
2720117	¿Está usted loco?	8372261	זענט איר משוגע?
2720113	¿Está usted loca?	8372261	זענט איר משוגע?
6674918	Es una gran persona.	8372281	איר זענט אַ גרױסער מענטש.
2471353	¿Por qué no ambos?	8374410	פֿאַרװאָס נישט די בײדע?
2471354	¿Por qué no ambas?	8374410	פֿאַרװאָס נישט די בײדע?
2471354	¿Por qué no ambas?	8374409	פֿאַרװאָס ניט די בײדע?
2471353	¿Por qué no ambos?	8374409	פֿאַרװאָס ניט די בײדע?
2096595	Es más alta que yo.	8374455	זי איז העכער פֿאַר מיר.
6985387	Ella es más alta que yo.	8374455	זי איז העכער פֿאַר מיר.
531828	Ella nos dio un regalo.	8374790	זי האָט אונדז געגעבן אַ מתּנה.
1567448	¡Proletarios de todos los países, uníos!	8374899	פּראָלעטאַריער פֿון אַלע לענדער, פֿאַראײניקט זיך!
2117817	El yidis se escribe con letras hebreas.	8375064	ייִדיש װערט געשריבן מיטן אַלף־בת.
4076416	No soy ningún pájaro ni ninguna red me entrampa; yo soy un ser humano libre con una voluntad independiente.	8375076	איך בין ניט קײן פֿאָגל, און קײן נעץ האָט ניט מיך אַרײַנגעקאַפּט; איך בין אַ פֿרײַער מענטש מיט אַן אומאָפּהענגיקן רצון.
1815293	Esta medicina te ayudará.	8375166	דער מעדיקאַמענט װעט דיר העלפֿן.
2061583	Este medicamento te ayudará.	8375166	דער מעדיקאַמענט װעט דיר העלפֿן.
4350862	Esta medicina le va a ayudar.	8375167	דער מעדיקאַמענט װעט אײַך העלפֿן.
7983005	Tom pensó que Mary estaba loca.	8376154	טאָם האָט געמײנט אַז מערי איז משוגע.
5711213	El único buen fascista es el fascista muerto.	7022855	דער איינציקער גוטער פֿאַשיסט איז אַ טויטער‎ פֿאַשיסט.
936346	Tengo un buen diccionario.	7160472	איך האָב אַ‎ גוט ווערטערבוך.
853351	¡Adiós!	7293403	זײַ געזונט!
928545	¡Jesús!	7293411	צו געזונט!‎‎
2117445	Jesús.	7293414	צו געזונט.‎‎
781040	Soy un hombre.	8378447	איך בין אַ מאַן.
1130883	Yo soy hombre.	8378447	איך בין אַ מאַן.
1104143	Yo soy un hombre.	8378447	איך בין אַ מאַן.
2624647	¡Trabajadores del mundo, uníos!	8387293	אַרבעטער פֿון דער װעלט, פֿאַראײניקט זיך!
4207959	Obreros del mundo, ¡uníos!	8387293	אַרבעטער פֿון דער װעלט, פֿאַראײניקט זיך!
1390099	América es muy grande.	8389396	אַמעריקע איז זײער גרױס.
5967430	Quizá tengamos que decirlo.	8394188	אפֿשר דאַרפֿן מיר עס זאָגן.
5961371	No había razón para venir.	8397205	ס'איז געווען נישטאָ קײן פֿאַרוואָס צו קומען.
7276532	Ese otro lápiz es mío.	8405244	דער אַנדערער בלײַער איז מײַנער.
2463927	Canadá no es un paraíso.	8405255	קאַנאַדע איז נישט קיין גן־עדן.
2463927	Canadá no es un paraíso.	8405256	קאַנאַדע איז ניט קיין גן־עדן.
1410032	Todos tuvieron un buen año.	8415182	אַלע האָבן געהאַט אַ גוט יאָר.
1956872	¡Oh, pobre de mí!	8417387	אוי, וויי איז מיר!
811616	Maté a Dios.	8418199	כ'האָב אומגעבראַכט‎ גאָט.
811616	Maté a Dios.	8418195	כ'האָב געטייט גאָט.
811616	Maté a Dios.	8418196	כ'האָב געהרגעט גאָט.
1675586	Maté a un dios.	8418231	כ'האָב געהרגעט אַ גאָט.
1675586	Maté a un dios.	8418227	כ'האָב געטייט אַ גאָט.
1675586	Maté a un dios.	8418230	כ'האָב אומגעבראַכט‎ אַ גאָט.
1131257	Lo que él está haciendo es ilegal.	8419788	װאָס ער מאַכט, איז אומלעגאַל.
1131257	Lo que él está haciendo es ilegal.	8419794	װאָס ער טוט, איז אומלעגאַל.
1182846	Nadie puede saberlo todo.	8419804	קיינער קען אַלץ נישט וויסן.
2795362	Nadie puede saber todo.	8419804	קיינער קען אַלץ נישט וויסן.
136209	¡Feliz Año Nuevo!	8420364	אַ גליקלעך נײַ־יאָר!
3206623	¡Feliz año!	8420364	אַ גליקלעך נײַ־יאָר!
4732328	Actualmente vivo en Boston.	8423272	איך וואוין הײַנט אין באָסטאָן.
4732328	Actualmente vivo en Boston.	8423271	איך וווין הײַנט אין באָסטאָן.
4732328	Actualmente vivo en Boston.	8423273	כ'לעב הײַנט אין באָסטאָן.
4732328	Actualmente vivo en Boston.	8423277	איך לעב הײַנט אין באָסטאָן.
2532759	El agua era azul.	8423331	דאָס וואַסער איז געווען בלאָ.
4153465	Esta agua está inodora.	8424098	דאָס וואַסער איז גערוכלאָז.
1987699	El agua está fría.	8424106	דאָס וואַסער איז קאַלט.
2725136	Yo bebo agua.	8424121	איך טרינק וואַסער.
4258961	Estoy bebiendo agua.	8424121	איך טרינק וואַסער.
2138897	Estoy tomando agua.	8424121	איך טרינק וואַסער.
5745781	Bebo agua.	8424121	איך טרינק וואַסער.
3250063	Tom bebe agua.	8424142	טאָם טרינקט וואַסער.
2725870	¿Qué haces para evitarlo?	8424307	וואָס מאַכסטו פֿאַר פֿאַרמײַדן דאָס?
3062525	¡Alabado sea el Señor!	8448606	ברוך־השם!
3346088	Vivimos juntos.	8449663	מיר לעבן צוזאַמען.
5752578	Vivimos en Boston.	8449703	מיר לעבן אין באָסטאָן.
464413	Vivimos en los Estados Unidos.	8449709	מיר לעבן אין די פֿאַראייניקטע שטאַטן.
5542047	Aquí es donde vivimos.	8449707	דאָ לעבן מיר.
1143588	El agua es importante.	8450093	וואַסער איז חשובֿ.
5439765	El agua es bella.	8450116	דאָס וואַסער איז שיין.
5439769	El agua es linda.	8450116	דאָס וואַסער איז שיין.
5439770	El agua es hermosa.	8450116	דאָס וואַסער איז שיין.
3523743	El agua es verde.	8450144	דאָס וואַסער איז גרוין.
5105176	Ella es loca.	8450210	זי איז משוגע.
434463	¡Felicitaciones!	8452148	מזל־טובֿ!
1205682	Esto no es verdad.	8452389	דאָס איז נישט אמת.
1579880	Eso no es verdad.	8452389	דאָס איז נישט אמת.
5024721	Tomás es xenofóbico.	8452390	טאָם איז קסענאָפֿאָביש.
2042208	¿Tiene dinero?	8452251	האָט זי געלט?
2678413	¿Ella tiene dinero?	8452251	האָט זי געלט?
2042208	¿Tiene dinero?	8452250	האָט ער געלט?
1205682	Esto no es verdad.	8452388	דאָס איז ניט אמת.
1284272	Eso no es cierto.	8452388	דאָס איז ניט אמת.
1205683	Esto no es cierto.	8452388	דאָס איז ניט אמת.
1579880	Eso no es verdad.	8452388	דאָס איז ניט אמת.
1896118	No es verdad.	8452388	דאָס איז ניט אמת.
1476991	Es falso.	8452385	דאָס איז פֿאַלש.
2864107	Eso es incorrecto.	8452385	דאָס איז פֿאַלש.
611090	Eso es injusto.	8452386	דאָס איז אומגערעכט.
5968705	Mi húngaro es terrible.	8454031	מײַן אונגאַריש איז שרעקלעך.
2385285	Tom es terrorista.	8454497	טאָם איז אַ טעראָריסט.
3225263	No somos terroristas.	8454498	מיר זענען נישט קיין טעראָריסטן.
3225263	No somos terroristas.	8454500	מיר זײַנען ניט קיין טעראָריסטן.
2223263	Los terroristas atacaron una mezquita.	8454563	די טעראָריסטן האָבן אַטאַקירט אַ מעטשעט.
2225249	Los terroristas han atacado una mezquita.	8454563	די טעראָריסטן האָבן אַטאַקירט אַ מעטשעט.
2225249	Los terroristas han atacado una mezquita.	8454567	די טעראָריסטן האָבן אָנגעפֿאַלן אױף אַ מעטשעט.
2223263	Los terroristas atacaron una mezquita.	8454567	די טעראָריסטן האָבן אָנגעפֿאַלן אױף אַ מעטשעט.
1263680	Corta las papas.	8455509	שנײַד די קאַרטאָפֿל.
1392142	Corta las patatas.	8455509	שנײַד די קאַרטאָפֿל.
1263680	Corta las papas.	8455508	שנײַד די קאַרטאָפֿלעס.
1392142	Corta las patatas.	8455508	שנײַד די קאַרטאָפֿלעס.
1392142	Corta las patatas.	8455504	שנײַד די בולבעס.
1263680	Corta las papas.	8455504	שנײַד די בולבעס.
1467852	Todos mienten.	8456190	יעדערער זאָגט ליגנס.
2119307	Todo el mundo miente.	8456190	יעדערער זאָגט ליגנס.
3143021	Tom mintió.	8456191	טאָם האָט ליגן געזאָגט.
5100162	Tom mentía.	8456191	טאָם האָט ליגן געזאָגט.
5100183	Tom estaba mintiendo.	8456191	טאָם האָט ליגן געזאָגט.
432296	El perro está muerto.	8458613	דער הונט איז טויט.
5978146	El agua es vida.	8458635	וואַסער איז דאָס לעבן.
2736050	Yo hablo bosnio.	8458546	איך רעד באָסניש.
2192006	No es nada.	8459993	גאָרנישט.
760003	Ningún problema.	8459993	גאָרנישט.
1202440	No importa.	8460012	ס'איז נישט חשובֿ.
1139983	Eso no es nada.	8460016	דאָס איז גאָרנישט.
2127190	Esto no es nada.	8460016	דאָס איז גאָרנישט.
5137741	Tomás miente.	8460104	טאָם זאָגט ליגן.
1668951	Tom está mintiendo.	8460110	טאָם זאָגט אַ ליגן.
4317924	¡Qué idea!	8460269	וואָס פֿאַר אַ געדאַנק!
4317935	¡Qué concepto!	8460269	וואָס פֿאַר אַ געדאַנק!
4317935	¡Qué concepto!	8460270	װאָס פֿאַר אַ באַגריף!
1718259	Tu opinión está un poco pasada de moda.	8460347	דײַן מיינונג איז אַ ביסל אַלטמאָדיש.
1718259	Tu opinión está un poco pasada de moda.	8460349	דײַן קוק איז אַ ביסל אַלטמאָדיש.
2073511	Tom está muerto.	8462006	טאָם איז טויט.
2726	Allen es un poeta.	8462323	אַלען איז אַ פּאָעט.
3664482	Allen es poeta.	8462323	אַלען איז אַ פּאָעט.
1408409	¡Lo violaste!	8462351	דו האָסט אים פֿאַרגוואַלדיקט!
741460	Nadie quiso ayudarnos.	8464497	קיינער האָט נישט געוואָלט אונדז העלפֿן.
741460	Nadie quiso ayudarnos.	8464495	קיינער האָט ניט געוואָלט אונדז העלפֿן.
6146994	¿Estáis en Berlín?	8465838	זענט איר אין בערלין?
6146994	¿Estáis en Berlín?	8465836	זײַט איר אין בערלין?
1557054	Tom es optimista.	8466107	טאָם איז אָפּטימיסטיש.
2354591	Soy optimista.	8466108	כ'בין אָפּטימיסטיש.
1557054	Tom es optimista.	8466109	טאָם איז אַן אָפּטימיסט.
2354591	Soy optimista.	8466130	כ'בין אַן אָפּטימיסטקע.
2354591	Soy optimista.	8466129	כ'בין אַן אָפּטימיסט.
4554044	Tom es un lobista.	8469199	טאָם איז אַ לאָביסט.
1517518	Él fue allí en lugar de su padre.	8469600	ער איז אַהין געגאַנגען אַנשטאַט זײַן טאַטן.
2207255	Preguntemos.	8469601	לאָמיר פֿרעגן.
5890646	Me encantan los libros.	8104345	איך האָב ליב ביכער.
5890646	Me encantan los libros.	8104346	כ'האָב ליב ביכער.
3829024	¡Mentiroso!	8469690	ליגנער!
8448421	Su desvergüenza es infinita.	8469717	איר חוצפּה האָט נישט קיין גרענעץ.
990339	Mi aerodeslizador está lleno de anguilas.	8471631	מײַן הויערשיף איז פֿול מיט ווענגערס.
739417	¿Crees en Dios?	8472822	צי גלייבסטו אין גאָט?
1215376	¿Creés en dios?	8472822	צי גלייבסטו אין גאָט?
736673	Estoy saludable.	8472823	איך בין געזונט.
2122343	Volaré a Alemania.	8475337	כ'וועל פֿליִען קיין דײַטשלאַנד.
2122343	Volaré a Alemania.	8475338	איך וועל פֿליִען קיין דײַטשלאַנד.
1610775	El dictador llegó al poder hace quince años.	8479270	דער דיקטאַטאָר איז געקומען צו דער מאַכט מיט 15 יאָרן צוריק.
1448553	¿Tiene cita?	8479355	האָט איר אַ באַשטעלונג?
1372922	¿Tiene una cita?	8479355	האָט איר אַ באַשטעלונג?
7950153	Mary es xenófoba.	8452391	מאַריע איז קסענאָפֿאָביש.
7950160	Mary es homófoba.	8452395	מאַריע איז האָמאָפֿאָביש.
3015546	Tom y Mary están cansados.	8372221	טאָם און מאַריע זײַנען מיד.
3447879	No soy joven.	8486962	איך בין נישט יונג.
3447879	No soy joven.	8486965	איך בין ניט יונג.
1435502	Yo puedo hablar español.	7058912	איך קען‎ רעדן שפּאַניש.
2787323	Vanidad de vanidades, dijo el Predicador; vanidad de vanidades, todo es vanidad.	8487198	עס איז אַ גרויסער גאָר נישט, זאָגט קהלת, עס איז אַ גרויסער גאָר נישט, דער גאָר איז אַ גאָרנישט.
2792446	¡Vanidad de vanidades! — dice Cohélet —, ¡vanidad de vanidades, todo es vanidad!	8487198	עס איז אַ גרויסער גאָר נישט, זאָגט קהלת, עס איז אַ גרויסער גאָר נישט, דער גאָר איז אַ גאָרנישט.
5715417	El dictador oprimió al pueblo.	7127902	דער דיקטאַטאָר האָט אונטערגעדריקט דאָס פֿאָלק.
1732168	¿Estoy calificado?	8487297	צי בין איך קוואַליפֿיצירט?
8489156	No soy religioso.	8490242	איך בין ניט רעליגיעז.
8489157	No soy religiosa.	8490242	איך בין ניט רעליגיעז.
8489156	No soy religioso.	8490243	איך בין נישט רעליגיעז.
8489157	No soy religiosa.	8490243	איך בין נישט רעליגיעז.
8489156	No soy religioso.	8490237	איך בין ניט קיין רעליגיעזער.
8489156	No soy religioso.	8490240	איך בין נישט קיין רעליגיעזער.
8489157	No soy religiosa.	8490239	איך בין ניט קיין רעליגיעזע.
8489157	No soy religiosa.	8490241	איך בין נישט קיין רעליגיעזע.
8489156	No soy religioso.	8490246	איך בין נישט פֿרום.
8489157	No soy religiosa.	8490246	איך בין נישט פֿרום.
8489156	No soy religioso.	8490245	איך בין ניט פֿרום.
8489157	No soy religiosa.	8490245	איך בין ניט פֿרום.
7141773	Esta frase parece de muy mal gusto.	8492897	די זאַץ זעט אויס זייער אומאיידל.
4945592	¿Te gustan los gatos?	8492925	צי געפֿעלן דיר קעץ?
1427507	El padre era un veterano de la Guerra de Corea.	908462	דער טאַטע איז געווען אַ וועטעראַן פֿון דער קאָרעיִשער מלחמה.
4718883	Mi país me necesita.	8497509	מײַן לאַנד דאַרף מיך האָבן.
2028950	Me gusta esa película.	8497516	מיר געפֿעלט דער פֿילם.
7792800	Los elefantes comen pasto.	8499560	העלפֿאַנדן עסן גראָז.
7551081	No puedo abrir el documento.	8500556	כ'קען ניט עפֿענען דעם דאָקומענט.
7551081	No puedo abrir el documento.	8500555	כ'קען נישט עפֿענען דעם דאָקומענט.
563673	Soy panadero.	8501699	כ'בין אַ בעקער.
4371652	Tom es médico ahora.	8502477	טאָם איז איצט אַ דאָקטער.
2246844	La justicia es ciega.	8506559	גערעכטיקייט איז בלינד.
2246844	La justicia es ciega.	8506558	יושר איז בלינד.
2409262	¿Está aquí Tom?	8507220	איז טאָם דאָ?
2409262	¿Está aquí Tom?	8507218	צי איז טאָם דאָ?
5715417	El dictador oprimió al pueblo.	8504731	דער דיקטאַטאָר האָט באַדריקט דאָס פֿאָלק.
7191569	Estamos escuchando música celta.	8501778	מיר הערן זיך צו צו קעלטישער מוזיק.
687977	¡Hijo de puta!	8508439	ממזר־⁠בן־⁠הנידה!
6313872	Tom no es judío.	8508456	טאָם איז נישט קיין ייִד.
6313872	Tom no es judío.	8508455	טאָם איז ניט קיין ייִד.
1273900	El rey oprimió a su pueblo.	8504734	דער מלך האָט באַדריקט זײַן פֿאָלק.
1190845	Esto es demasiado grande.	8517177	דאָס איז צו גרויס.
8553547	El Universo es un misterio.	8553828	דער אוניווערס איז אַ מיסטעריע.
8553547	El Universo es un misterio.	8553816	די אַלוועלט איז אַ מיסטעריע.
857464	Ellos no comen carne.	8105294	זיי עסן נישט קיין פֿלייש.
857464	Ellos no comen carne.	8105293	זיי עסן ניט קיין פֿלייש.
842000	No quiero carne.	8556933	כ'וויל נישט קיין פֿלייש.
842000	No quiero carne.	8556936	כ'וויל ניט קיין פֿלייש.
2944759	Ellas no hicieron nada.	8557201	זיי האָבן גאָרנישט געמאַכט.
2944760	Ellos no hicieron nada.	8557201	זיי האָבן גאָרנישט געמאַכט.
857356	Hasta donde yo sé, el era un buen estudiante.	8559018	אויף וויפֿל איך ווייס‎, איז ער געווען אַ גוטער תּלמיד.
969745	¿Entiendes lo que te digo?	8567696	פֿאַרשטייסטו וואָס איך זאָג דיר?
1171156	¿Tú entiendes lo que te digo?	8567696	פֿאַרשטייסטו וואָס איך זאָג דיר?
3012377	Quiero hablar con el gerente.	8572324	איך וויל רעדן מיט אײַער באַלעבאָס.
4604121	Puedes vivir conmigo.	8585061	דו קענסט וווינען מיט מיר.
3191671	Millie tiene un gato.	8589708	מילי האָט אַ קאַץ.
2405709	Tom es inteligente.	8589895	טאָם איז אינטעליגענט.
2787366	¿Qué provecho tiene el hombre de todo su trabajo con que se afana debajo del sol?	8591639	וואָס פּראָפֿיטירט דער מענטש פֿון זײַן גאַנצען קוועלען זיך, וואָס ער קוועלט זיך דאָ אונטער דער זון?
347357	Ya basta.	8593016	גענוג איז גענוג.
6791374	Ella es periodista.	8593789	זי איז אַ זשורנאַליסטקע.
6791373	Él es periodista.	8593823	ער איז אַ זשורנאַליסט.
1764761	Quiero vivir en la ciudad.	8595188	איך וויל וואוינען אין דער שטאָט.
1764761	Quiero vivir en la ciudad.	8595187	איך וויל וווינען אין דער שטאָט.
1764761	Quiero vivir en la ciudad.	8595189	איך וויל לעבן אין דער שטאָט.
1153294	Berlusconi apesta.	8595206	בערלוסקאָני איז אַ שטיק דרעק.
1388426	¿Qué mierda?	8601689	וואָס, צו אַלדע רוחות?
2418250	¿Tom es canadiense?	8602336	צי איז טאָם אַ קאַנאַדער?
5781651	¿Es Tom canadiense?	8602336	צי איז טאָם אַ קאַנאַדער?
2693694	Eres mi hija.	4802722	דו ביסט מיינע טאכטער.
2693694	Eres mi hija.	8603990	דו ביסט מײַן טאָכטער.
743734	David está en casa.	8603991	דוד איז בײַ זיך.
2429688	Tom está desnudo.	4751228	טאם איז נאקעט.
6637186	No recuerdo nada en absoluto.	8607127	איך געדענק לחלוטין גאָרנישט.
631763	Tengo dieciocho años.	8607396	איך בין אַכצן יאָר אַלט.
699464	Yo tengo 18 años.	8607396	איך בין אַכצן יאָר אַלט.
330632	Su mujer es francesa.	8607813	איר ווײַב איז אַ פֿראַנצייזקע.
5497434	Tom no tiene dinero.	8609217	טאָם האָט נישט קיין געלט.
2532458	Teníamos un gato.	8609234	מיר האָבן געהאַט אַ קאַץ.
8609340	Hay uno.	8609374	ס'איז דאָ איין.
2139078	Mary es la abuela de Tom.	8616696	מערי איז טאָמס באָבע.
3579626	Odio y amo. ¿Por qué lo hago? quizás preguntes. No lo sé pero siento que ocurre y me tortura.	8618451	איך האָב פֿײַנט און האָב ליב. פֿאַרוואָס וואָלט איך דאָס געמאַכט, פֿרעגסטו אפֿשר? איך ווייס נישט, אָבער שפּירט אַז ס'פּאַסירט און איך ווער געפּײַניקט.
8618271	¿Por qué Tom siempre está aquí?	8618457	פֿאַרוואָס איז טאָם שטענדיק דאָ?
8618271	¿Por qué Tom siempre está aquí?	8618460	פֿאַרוואָס איז טאָם תּמיד דאָ?
8579267	Hay niñas con pene, niños con vulva y transfóbicos sin dientes.	8620092	פֿאַראַן מיידלעך מיט אַן אבֿר, ייִנגלעך מיט אַ שפּיל און טראַנספֿאָבן אָן ציין.
763410	Este libro no es mío.	8621250	אָט דער בוך איז נישט מײַנער.
744874	A decir verdad, yo no soy tu padre.	8624228	דעם אמת זאָגנדיק, בין איך נישט דײַן טאַטע.
139495	Los españoles tienen dos apellidos.	8624335	ספּאַניער האָבן צוויי משפּחה־נאָמען.
2656794	Tom es mi héroe.	8625160	טאָם איז מײַן העלד.
8626019	El peor virus es el capitalismo.	8625237	דער ערגסטער ווירוס איז קאַפּיטאַליזם.
611132	La manzana no cae lejos del árbol.	8628036	דאָס עפּעלע פֿאַלט ניט ווײַט פֿון ביימעלע.
1124633	Quiero estudiar hebreo.	8626487	איך וויל זיך לערנען העברעאיש.
502285	Quiero aprender hebreo.	8626487	איך וויל זיך לערנען העברעאיש.
1917977	¿Usted es mi padre?	8633351	צי זײַט איר מײַן טאַטע?
1917982	¿Eres mi padre?	8633362	צי ביסטו מײַן טאַטע?
2024528	Todavía estamos aquí.	8638046	מיר זענען נאָך דאָ.
1332200	Todavía está aquí.	8638041	ער איז נאָך דאָ.
1332200	Todavía está aquí.	8638044	ס'איז נאָך דאָ.
2005524	Todavía estoy aquí.	8638045	איך בין נאָך דאָ.
1891223	Todavía estoy acá.	8638045	איך בין נאָך דאָ.
433632	¡No pasarán!	8638395	זיי וועלן נישט דורכגיין!
1996664	¿Hola? ¿Todavía estás aquí?	8638079	אַלאָ? ביסטו נאָך דאָ?
1555975	¿Por qué estás todavía aquí?	8638082	פֿאַרוואָס ביסטו נאָך דאָ?
7778558	Aún no está listo.	8136773	עס איז נאָך ניט גרייט.
2265096	¿Tom sigue aquí?	8638056	צי איז טאָם נאָך דאָ?
1001449	¿Todavía está aquí?	8638059	צי איז זי נאָך דאָ?
2329035	¿Todavía estáis aquí?	8638063	צי זענט איר נאָך דאָ?
1001449	¿Todavía está aquí?	8638063	צי זענט איר נאָך דאָ?
2329035	¿Todavía estáis aquí?	8638064	צי זײַט איר נאָך דאָ?
2402532	¿Todavía están aquí?	8638064	צי זײַט איר נאָך דאָ?
1001449	¿Todavía está aquí?	8638064	צי זײַט איר נאָך דאָ?
1555979	¿Por qué estáis todavía aquí?	8638083	פֿאַרוואָס זײַט איר נאָך דאָ?
1555977	¿Por qué está usted todavía aquí?	8638083	פֿאַרוואָס זײַט איר נאָך דאָ?
1555979	¿Por qué estáis todavía aquí?	8638084	פֿאַרוואָס זענט איר נאָך דאָ?
1555977	¿Por qué está usted todavía aquí?	8638084	פֿאַרוואָס זענט איר נאָך דאָ?
3602992	¿Por qué sigue Tom aquí?	8638085	פֿאַרוואָס איז טאָם נאָך דאָ?
3602995	¿Por qué Tom está todavía aquí?	8638085	פֿאַרוואָס איז טאָם נאָך דאָ?
1060113	Me recuerdas a alguien.	8642154	דו דערמאָנסט מיר אין עמעצן.
1869181	Tom me recuerda a John.	8642144	טאָם דערמאָנט מיר אין דזשאָן.
1850085	No me lo recuerdes.	8642129	דערמאָן מיר נישט.
4444201	Se parece a tu hermano.	8642330	ער זעט אויס ווי דײַן ברודער.
2042091	Mi novia es china.	8642956	מײַן חבֿרטע איז אַ כינעזערין.
5051016	Mi amiga es china.	8642956	מײַן חבֿרטע איז אַ כינעזערין.
436978	Enseño chino.	7969704	איך לערן כינעזיש.
462395	Ella habla chino.	8643066	זי רעדט כינעזיש.
2222990	Habla chino.	8643066	זי רעדט כינעזיש.
1669088	Estoy aprendiendo chino.	8643091	איך לערן זיך כינעזיש.
6313096	Él habla chino fluido.	8643121	ער רעדט כינעזיש ווי אַ וואַסער.
868010	Habla chino con fluidez.	8643121	ער רעדט כינעזיש ווי אַ וואַסער.
868009	Él habla chino fluidamente.	8643121	ער רעדט כינעזיש ווי אַ וואַסער.
1984680	No piensan, así que no existen.	8644148	זיי טראַכטן נישט, דערפֿאַר זענען זיי נישט.
1984680	No piensan, así que no existen.	8644149	זיי טראַכטן ניט, דערפֿאַר זיי זײַנען ניט.
2002522	Yo lo apoyo.	8645501	איך שטיץ אים.
2090325	Yo lo sostengo.	8645501	איך שטיץ אים.
8646128	La accesibilidad es un problema.	8646095	דערגרייכלעכקייט איז אַ פּראָבלעם.
5144177	El dinero sigue siendo un problema.	8646151	געלט בלײַבט אַ פּראָבלעם.
5720508	La contaminación es un problema creciente.	8646167	פאַרשמוצונג איז אַ וואַקסנדיק‎ע פּראָבלעם.
8646142	Sami tuvo problemas.	8646053	סאַמי האָט געהאַט פּראָבלעמען.
8646118	¿Por qué causar un problema?	8646244	פֿאַרוואָס מאַכן אַ פּראָבלעם?
2259250	Eso es cuestión aparte.	8646064	ס'איז אַן אַנדער ענין.
1651414	Eso es otra cosa.	8646063	דאָס איז אַן אַנדער ענין.
2259250	Eso es cuestión aparte.	8646063	דאָס איז אַן אַנדער ענין.
8646136	Eso es un tema diferente.	8646063	דאָס איז אַן אַנדער ענין.
8646140	Sami tiene problemas.	8646054	סאַמי האָט פּראָבלעמען.
8646146	Tom tiene problemas.	8646050	טאָם האָט פּראָבלעמען.
1250895	Él tiene problemas.	8646049	ער האָט פּראָבלעמען.
2383013	Tiene problemas.	8646049	ער האָט פּראָבלעמען.
1250895	Él tiene problemas.	8646048	ער האָט צרות.
2383013	Tiene problemas.	8646048	ער האָט צרות.
2924545	La cuestión es delicada.	8646052	דער ענין איז דעליקאַט.
3305462	Escribo versos.	8651051	איך שרײַב לידער.
7057137	Ella escribe poemas.	8651055	זי שרײַבט לידער.
1250926	Los poetas escriben poemas.	8651049	פּאָעטן שרײַבן לידער.
1399939	Tom es un hipócrita.	8647967	טאָם איז אַ צבֿועק.
2569614	Tom es hipócrita.	8647967	טאָם איז אַ צבֿועק.
6607921	Odio a los hipócritas.	8647962	איך האָב פֿײַנט צבֿועקעס.
2170081	¿Por qué no hacemos nada?	8647469	פֿאַרוואָס טוען‎ מיר גאָרנישט?
343646	La puerta está abierta ahora.	8647468	די טיר איז איצט אָפֿן.
7181519	Ella tiene problemas mentales.	8647227	זי האָט פּסיכישע פּראָבלעמען.
8634773	Soy un ratón.	8652199	כ'בין אַ מויז.
5965147	Se logró el objetivo.	8653274	דער ציל איז אױפֿגעטאָן געוואָרן.
1841151	El hebreo moderno es más fácil que el hebreo antiguo.	8653974	איווריט איז גרינגער פֿון לשון־קודש.
1841151	El hebreo moderno es más fácil que el hebreo antiguo.	8653975	עבריתּ איז גרינגער פֿון לשון־קודש.
1841151	El hebreo moderno es más fácil que el hebreo antiguo.	8653976	דער מאָדערנער העברעאיש איז גרינגער פֿון לשון־קודש.
8651540	Es rico y poderoso.	8654297	ער איז רײַך און מעכטיק.
1804053	Él es rico y poderoso.	8654297	ער איז רײַך און מעכטיק.
7997593	Cuesta tres dólares.	8655029	עס קאָסט דרײַ דאָלער.
7997593	Cuesta tres dólares.	8655028	ס'קאָסט דרײַ דאָלער.
492976	Siete dólares, por favor.	8654963	זיבן דאָלער, ביטע.
1250926	Los poetas escriben poemas.	8655671	דיכטער שרײַבן געדיכטן.
5036788	El padre de Tom es rico.	8658078	טאָמס טאַטע איז רײַך.
1247603	Ellos están felices.	8658978	זיי זײַנען פֿריילעך.
6682457	Están felices.	8658978	זיי זײַנען פֿריילעך.
6682458	Son felices.	8658978	זיי זײַנען פֿריילעך.
6813250	Ellas están contentas.	8658978	זיי זײַנען פֿריילעך.
1247603	Ellos están felices.	8658976	זיי זענען פֿריילעך.
6682457	Están felices.	8658976	זיי זענען פֿריילעך.
4958379	Pare el tren.	8658967	שטעלט אָפּ די באַן.
4958375	Paren el tren.	8658967	שטעלט אָפּ די באַן.
1215788	Me gustan los trenes.	8658965	מיר געפֿעלן באַנען.
571860	Adora los trenes.	8658964	ער האָט ליב באַנען.
1281266	Él ama los trenes.	8658964	ער האָט ליב באַנען.
436194	¿Cuánto cuesta?	8658820	וויפֿל קאָסט עס?
2061444	Mi padre partió a China.	8659875	מײַן טאַטע איז אַוועק קיין כינע.
1232709	Ayer reparé el coche.	8659872	איך האָב צורעכטגעמאַכט די מאַשין נעכטן.
5228852	Es una naranja.	8659864	עס איז אַ מאַראַנץ.
2142367	¿Entendéis?	8663364	ענק פאַרשטיין?
1504471	Él habla con sabiduría.	8665824	ער רעדט מיט חכמה.
541285	¿Está durmiendo?	8667679	צי שלאָפֿט ער?
8667040	No soy un pirata.	8667147	איך בין נישט קיין פּיראַט.
5748686	El aire acondicionado de la oficina no va bien.	8671020	דער קאָנדיציאָנער פֿונעם אָפֿיס פֿונקציאָנירט נישט.
5748686	El aire acondicionado de la oficina no va bien.	8671017	דער קאָנדיציאָנער פֿונעם אָפֿיס גייט נישט.
5748686	El aire acondicionado de la oficina no va bien.	8671016	דער קאָנדיציאָנער פֿונעם אָפֿיס אַרבעט נישט.
6813202	¿No te gusta el vino?	8670382	צי געפֿעלט דיר קיין ווײַן נישט?
853953	Tú eres un profesor.	8672717	דו ביסט אַ פּראָפֿעסאָר.
2992241	Sos profesor.	8672717	דו ביסט אַ פּראָפֿעסאָר.
2968711	Eres profesor.	8672717	דו ביסט אַ פּראָפֿעסאָר.
5947476	Bebí cuanto quise.	8673794	איך האָב אַזוי פֿיל געטרונקען, ווי איך האָב געוואָלט.
717084	Ella es muy sabia.	8104299	זי איז זייער קלוג.
8310003	Podría ser peor.	8674789	ס'קען זײַן ערגער.
8667040	No soy un pirata.	8676971	איך בין ניט קיין פּיראַט.
2285648	Los esperantistas son nuestros amigos.	8677659	עספּעראַנטיסטן זײַנען אונדזערע חבֿרים.
2285648	Los esperantistas son nuestros amigos.	8677652	עספּעראַנטיסטן זענען אונדזערע חבֿרים.
1829498	¡Fuimos atacados por piratas!	8678155	מיר זענען אַטאַקירט געוואָרן פֿון פּיראַטן!
2492190	Los piratas son crueles.	8678125	פּיראַטן זענען אכזריותדיק.
3969273	¿Por qué compraste solamente una banana?	8681336	פֿאַרוואָס האָסטו נאָר געקויפֿט איין באַנאַנע?
3969274	¿Por qué solamente compraste un plátano?	8681336	פֿאַרוואָס האָסטו נאָר געקויפֿט איין באַנאַנע?
1053206	Los plátanos son amarillos.	8681322	באַנאַנעס זענען געל.
7144890	¿Adónde van ellos?	8680922	וווּהין גייען זיי?
1248571	¿Adónde van?	8680922	וווּהין גייען זיי?
4563237	¿A dónde van?	8680922	וווּהין גייען זיי?
1248571	¿Adónde van?	8680918	װאוהין גייען זיי?
7144890	¿Adónde van ellos?	8680918	װאוהין גייען זיי?
4563237	¿A dónde van?	8680918	װאוהין גייען זיי?
2351590	¡He ganado!	8688066	איך האָב געוואונען!
6063674	¡Gané!	8688066	איך האָב געוואונען!
722836	Quien siembra vientos, recoge tempestades.	8684309	וואָס פֿאַר אַ פּורים, אַזאַ פּסח.
2421408	Tengo dos gatos.	8689161	איך האָב צוויי קעץ.
2421423	Tengo dos gatas.	8689161	איך האָב צוויי קעץ.
637467	Francia está en Europa Occidental.	8689263	פֿראַנקרײַך איז אין מערבֿ־אייראָפּע.
779092	Francia está en la Europa Occidental.	8689263	פֿראַנקרײַך איז אין מערבֿ־אייראָפּע.
8691295	Los odiadores van a odiar.	8691176	שׂונאים וועלן פֿײַנט האָבן.
8691295	Los odiadores van a odiar.	8691178	פֿײַנד וועלן פֿײַנט האָבן.
5990752	La palabra «cisgénero» se refiere a alguien que no es transgénero.	8696487	דאָס וואָרט „ציסמיניק‟ פֿאַררופֿט זיך אויף אַ מענטש וואָס איז נישט טראַנסמיניק.
343646	La puerta está abierta ahora.	8704015	די טיר איז יעצט אָפֿן.
1221986	Su nueva película es decepcionante.	8704035	זײַן נײַער פֿילם איז אַנטוישנדיק.
562245	Que la fuerza te acompañe.	8702426	זאָל דער כּח זײַן מיט דיר.
8348449	Esto es carne.	8718357	דאָס איז פֿלייש.
8297756	¿Eso es sangre?	8721203	צי איז דאָס בלוט?
4750984	No soy espía.	8722327	איך בין נישט קיין שפּיאָן.
4750984	No soy espía.	8722328	כ'בין נישט קיין שפּיאָן.
4750984	No soy espía.	8722329	איך בין נישט קיין שפּיאָנקע‎.
4750984	No soy espía.	8722330	כ'בין נישט קיין שפּיאָנקע‎.
2990198	La mayoría de la gente es idiota.	8722402	ס'רובֿ מענטשן זענען אידיאָטן.
456396	La mayoría de la gente está de acuerdo.	8722398	ס'רובֿ מענטשן זענען מסכּים.
5067904	Irán no es Iraq.	8722339	איראַן איז נישט איראַק.
8667077	Ya soy todo un experto.	8724687	איך בין שוין אַ מבֿין.
8680167	Tú también puedes.	8724697	דו קענסט אויך.
8729967	No volveremos a la normalidad porque la normalidad era el problema.	8729992	מיר וועלן זיך נישט אומקערן צו דער נאָרמאַלקייט, ווײַל די נאָרמאַלקייט איז געווען די פראָבלעם.
1068612	Todo está bien ahora.	8733414	יעצט איז אַלץ אין אָרדענונג.
1068611	Ahora está todo bien.	8733414	יעצט איז אַלץ אין אָרדענונג.
1211321	Ahora todo está en orden.	8733414	יעצט איז אַלץ אין אָרדענונג.
2182502	Ahora todo va bien.	8733414	יעצט איז אַלץ אין אָרדענונג.
2182502	Ahora todo va bien.	8733413	איצט איז אַלץ אין אָרדענונג.
1068612	Todo está bien ahora.	8733413	איצט איז אַלץ אין אָרדענונג.
1068611	Ahora está todo bien.	8733413	איצט איז אַלץ אין אָרדענונג.
1211321	Ahora todo está en orden.	8733413	איצט איז אַלץ אין אָרדענונג.
6670372	No tenía ninguna razón para hacerlo.	8733473	איך האָב נישט געהאַט קיין סיבה דאָס צו טאָן.
1292320	¡Sos un canalla!	8734187	דו ביסט אַ ימח־שמוניק!
8734200	Quiero comprar una casa.	8724303	איך וויל קויפֿן אַ הויז.
8734200	Quiero comprar una casa.	8361194	כ'וויל קויפֿן אַ שטוב.
8734200	Quiero comprar una casa.	8361193	כ'וויל קויפֿן אַ הויז.
3138599	Estoy en Internet.	8735354	איך בין אויפֿן אינטערנעט.
3138599	Estoy en Internet.	8735350	איך בין אויף דער אינטערנעץ.
6928428	Aprecio tus esfuerzos.	8735381	איך שאַץ אָפּ דײַנע באַמיִונגען.
6928428	Aprecio tus esfuerzos.	8735382	איך שאַץ אָפּ דײַנע באַמיאונגען.
6928428	Aprecio tus esfuerzos.	8735379	איך שאַץ אָפּ דײַנע טירחות.
8746218	Tengo tres hermanos y cuatro hermanas.	8746240	איך האָב דרײַ ברידער און פֿיר שוועסטער.
8747003	Así es cómo Bernie aún puede ganar.	8747066	אָט ווי בערני קען נאָך געווינען.
638262	¡Ya basta!	8749762	גענוג שוין!
1609085	¡Basta ya!	8749762	גענוג שוין!
8753909	Donald Trump es un mentiroso patológico.	8749262	דאָנאַלד טראָמפּ איז אַ פּאַטאָלאָגישער ליגנער.
8761625	Esta manzana es roja.	7927751	דער עפּל איז רויט.
8769281	¡Oh, sí, cógeme!	8679017	אוי יאָ, טרען מיך!
8769281	¡Oh, sí, cógeme!	8679018	אוי יאָ, שטופּ מיך!
1625224	Por favor, hable un poco más despacio.	8766165	זײַט אַזוי גוט, רעדט אַ ביסל פּאַמעלעכער.
8628591	Si puede leer esto, ¡váyase a casa!	8771417	אויב איר קענט דאָס לייענען, גייט אַהיים!
8628592	Si pueden leer esto, ¡váyanse a casa!	8771417	אויב איר קענט דאָס לייענען, גייט אַהיים!
8628589	Si puedes leer esto, ¡vete a casa!	8771412	אויב דו קענסט דאָס לייענען, גיי אַהיים!
8771783	Soy un genio muy estable.	8771653	איך בין זייער אַ סטאַבילער גאָון.
2063054	¿Cuál es la capital de Hungría?	8772261	וואָס איז די הויפּטשטאָט פֿון אונגאַרן?
8774538	¿Acaso Dios es gay?	8774516	גאָט איז גיי?
8774538	¿Acaso Dios es gay?	8774519	צי איז גאָט גיי?
599036	Me gusta leer.	8774966	איך האָב ליב צו לייענען.
1189211	Me gusta trabajar.	8774967	איך האָב ליב צו אַרבעטן.
8776031	Berlusconi es un pedazo de mierda.	8595206	בערלוסקאָני איז אַ שטיק דרעק.
5087609	La naturaleza no conoce límites.	8776853	די נאַטור קענט נישט קיין גרענעצן.
8779579	La naturaleza es fascinante.	8776897	די נאַטור איז פֿאַרכאַפּנדיק.
740567	Tiene mucho dinero.	8782560	זי האָט אַ סך געלט.
8787060	En Australia hay koalas.	8787237	ס'איז פֿאַראַן קאָאַלעס אין אויסטראַליע.
8793177	La reina debe morir.	8142685	די מלכּה מוז שטאַרבן.
3762248	El demonio está muerto.	8800412	דער שד איז טויט.
8801751	Donald Trump le da mala fama a la mierda.	8801837	דאָנאַלד טראָמפּ לאָזט אויף דרעק אַ שם־רע.
3762248	El demonio está muerto.	8802236	דער דעמאָן איז טויט.
8626325	Comí arroz.	8105062	איך האָב געגעסן רײַז.
8626336	Comía arroz.	8105062	איך האָב געגעסן רײַז.
4553809	Tenemos un jardín delante de nuestra casa.	8802651	מיר האָבן אַ גאָרטן פֿאַר אונדזער הויז.
8788699	Donald Trump les da mala fama a los cobardes.	8802690	דאָנאַלד טראָמפּ לאָזט אויף טרוסן אַ שם־רע.
1355604	La mesa es verde.	8803525	דער טיש איז גרין.
2137924	La montaña es verde.	8803541	דער באַרג איז גרין.
8799097	Ellos beben leche.	8805109	זיי טרינקען מילך.
8808631	Las vidas negras importan.	8808626	אַפֿראָאַמעריקאַנער לעבנס זענען וויכטיק.
5106928	¿Dónde está mi peine?	8814786	וווּ איז מײַן קעמעלע?
5106928	¿Dónde está mi peine?	8814787	וואו איז מײַן קעמעלע?
8790686	Tenemos hermosas flores en el jardín.	8814816	מיר האָבן שיינע בלומען אין גאָרטן.
2661253	Estoy viendo una jirafa.	8814822	איך זע אַ זשיראַף.
1080845	Tom es musulmán.	8814835	טאָם איז אַ מוסולמאַן.
5824514	Los gatitos son curiosos.	8817883	קעצלעך זענען נײַגעריק.
8809531	Las vidas negras son importantes.	8818360	שוואַרצהויטיקער לעבנס זענען וויכטיק.
8808631	Las vidas negras importan.	8818360	שוואַרצהויטיקער לעבנס זענען וויכטיק.
433632	¡No pasarán!	8818410	נאָ פּאַסאַראַן!
3987869	¿Soy talentoso?	8818966	איך בין טאַלאַנטירט?
994275	Ahora estoy cansado.	8819241	איך בין איצט מיד.
8820592	Mi frase es original.	8821228	מײַן זאַץ איז אָריגינעל.
4075441	"¿Por qué estás estudiando húngaro?" "Porque está ahí."	8822385	„פֿאַרוואָס לערנסטו זיך אונגאַריש?‟ „ווײַל ס'איז פֿאַראַן.‟
1977485	¿Conoces el arca de Noé?	8825840	צי קענסטו די תּבֿה?
8826465	Tengo muchas razones.	8826459	איך האָב אַ סך סיבות.
8826465	Tengo muchas razones.	8826458	כ'האָב אַ סך סיבות.
8826634	Las vidas palestinas importan.	8825246	פּאַלעסטינער לעבנס זענען וויכטיק.
8828755	Odio y amo.	8828751	איך האָב פֿײַנט און האָב ליב.
4094844	Jesucristo se convirtió al budismo.	8828919	יאָשקע־פּאַנדרע האָט זיך באַקערט צום בודיזם.
669983	Soy de Inglaterra.	8826388	איך בין פֿון ענגלאַנד.
1693294	Vengo de Inglaterra.	8826388	איך בין פֿון ענגלאַנד.
7875969	La lengua albanesa es muy bella.	8837940	די אַלבאַנישע שפּראַך איז זייער שיין.
1342140	Jesús acepta cheques.	8828912	יאָשקע אַקצעפּטירט טשעקן.
8827356	Más bello que el instructor es el amigo. Más hermoso que aprender es agradecer.	8828263	שענער ווי דער אינסטרוקטאָר איז דער חבֿר. שענער ווי דאָס לערנען זיך איז דער דאַנק.
8826256	Ellos tienen mucho dinero.	8826629	זיי האָבן אַ סך געלט.
8826258	Ellas tienen mucho dinero.	8826629	זיי האָבן אַ סך געלט.
8844792	¿Por qué debería temer a la muerte?	8844931	פֿאַרוואָס זאָל איך מורא האָבן פֿאַרן טויט?
950982	No lea usted esta frase.	8848728	לייענט נישט דעם זאַץ.
8850054	Tom dijo que no era un ladrón.	8850217	טאָם האָט געזאָגט, ער איז נישט קיין גנבֿ.
8851178	Tom habla ruso.	8844959	טאָם רעדט רוסיש.
526220	Soy gay.	8450158	איך בין געי.
526220	Soy gay.	8450159	איך בין גיי.
3990293	Son de Islandia.	8858969	זיי זענען פֿון איסלאַנד.
3250474	Tengo mis propios problemas.	8860029	איך האָב זיך די אייגענע צרות.
1366106	Este escritor es ruso.	8864125	דער שרײַבער איז אַ רוס.
1669119	Me estoy vistiendo.	8869265	איך טו זיך אָן.
1669120	Me estoy poniendo ropa.	8869265	איך טו זיך אָן.
5017718	Tomás se está vistiendo.	8869263	טאָם טוט זיך אָן.
456272	Juan está vistiéndose.	8869262	כואַן טוט זיך אָן.
1514300	Vístase por favor.	8869259	זײַט אַזוי גוט, טוט זיך אָן.
5017720	¡Vestite!	8869253	טו זיך אָן!
5041899	¡Vístete!	8869253	טו זיך אָן!
1129675	No sé nada de las mujeres.	2402937	איך ווייס נישט גארנישט וועגן פרויען.
1469606	Él es un adicto al pan.	8879251	ער איז אַ ברויט־אַדיקט.
634580	Él es un heroinómano.	8879249	ער איז אַ העראָיִן‏־אַדיקט.
3987869	¿Soy talentoso?	8818965	צי בין איך טאַלאַנטירט?
8808631	Las vidas negras importan.	8878689	אַפֿראָאַמעריקאַנער לעבנס האָבן אַ ווערט.
8809531	Las vidas negras son importantes.	8878689	אַפֿראָאַמעריקאַנער לעבנס האָבן אַ ווערט.
8892498	¡A la mierda los Estados Unidos!	8892469	אין דר'ערד אַרײַן מיט אַמעריקע!
1342140	Jesús acepta cheques.	8894004	יאָסעלע אַקצעפּטירט טשעקן.
5950067	Come donde quieras.	8894215	עס וווּ דו ווילסט.
8872305	Nadie dice nada.	8895387	קיינער זאָגט נישט גאָרנישט.
8331695	Ninguno dice nada.	8895387	קיינער זאָגט נישט גאָרנישט.
8309989	Creo que estoy loco.	8896081	איך גלייב אַז איך בין משוגע.
8896900	Creo que estoy loca.	8896081	איך גלייב אַז איך בין משוגע.
7948876	Pero Noé halló gracia a los ojos de Dios.	8898553	אָבער נֹח האָט געפֿונען לײַטזעליקייט אין די אויגן פֿון גאָט.
3249476	La blasfemia es un crimen sin víctima.	8900213	חילול־⁠השם איז אַ פֿאַרברעכן אָן אַ קרבן.
3465271	¡Odio todo!	8900897	איך האָב אַלץ פֿײַנט!
1270879	El silencio es oro.	8901866	שווײַגן איז גאָלד.
3075	La palabra es plata y el silencio oro.	8901867	רעדן איז זילבער, שווײַגן איז גאָלד.
1339681	Si la palabra es plata, el silencio es oro.	8901867	רעדן איז זילבער, שווײַגן איז גאָלד.
1809233	La pobreza no es una deshonra.	8901874	אָרעם איז נישט קיין שאַנדע.
1809233	La pobreza no es una deshonra.	8901872	אָרעמקייט איז נישט קיין שאַנדע.
8903272	El mundo es bello.	8900548	די וועלט איז שיין.
8903752	El mundo es lindo.	8900548	די וועלט איז שיין.
2936	La vida es bella.	8903758	דאָס לעבן איז שיין.
1323631	Me encanta el sabor de las setas.	8908934	איך האָב ליב דעם טעם פֿון שוועמלעך.
688516	Todas las lenguas son iguales, pero el inglés es más igual que las otras.	8911343	אַלע שפּראַכן זענען גלײַך, אָבער ענגליש איז גלײַכער פֿון די אַנדערע.
688516	Todas las lenguas son iguales, pero el inglés es más igual que las otras.	8911340	אַלע שפּראַכן זענען גלײַך, אָבער ענגליש איז גלײַכער ווי די אַנדערע.
2782101	El hebreo es un idioma difícil.	8911662	העברעאיש איז אַ שווערע שפּראַך.
2739994	Hebreo es un idioma difícil.	8911662	העברעאיש איז אַ שווערע שפּראַך.
2739994	Hebreo es un idioma difícil.	8911661	העברעיִש איז אַ שווערע שפּראַך.
2782101	El hebreo es un idioma difícil.	8911661	העברעיִש איז אַ שווערע שפּראַך.
785959	Puedes escribir en la lengua que quieras. En Tatoeba, todas las lenguas son iguales.	8911333	דו קענסט שרײַבן אויף וואָסער שפּראַך דו זאָלסט נישט וועלן. אויף טאַטאָעבע זענען אַלע שפּראַכן גלײַך.
786300	Puedes escribir en el idioma que quieras. En Tatoeba, todos los idiomas son iguales.	8911333	דו קענסט שרײַבן אויף וואָסער שפּראַך דו זאָלסט נישט וועלן. אויף טאַטאָעבע זענען אַלע שפּראַכן גלײַך.
2935659	Podés escribir en el idioma que querás. En Tatoeba todos los idiomas son iguales.	8911333	דו קענסט שרײַבן אויף וואָסער שפּראַך דו זאָלסט נישט וועלן. אויף טאַטאָעבע זענען אַלע שפּראַכן גלײַך.
2453092	Puedes escribir en el idioma que tú elijas. En Tatoeba, todos los idiomas son iguales.	8911333	דו קענסט שרײַבן אויף וואָסער שפּראַך דו זאָלסט נישט וועלן. אויף טאַטאָעבע זענען אַלע שפּראַכן גלײַך.
1834053	Puede escribir en el idioma que desee. En Tatoeba, todos los idiomas son iguales.	8912615	איר מעגט שרײַבן אויף וואָסער שפּראַך איר זאָלט נישט וועלן. אויף טאַטאָעבע זענען אַלע שפּראַכן גלײַך.
8911929	Los gatos son complejos individuos.	8912648	קעץ זענען קאָמפּליצירטע יחידים.
1637547	Los alumnos se echaron a reír.	8913604	די תּלמידים האָבן אויסגעפּלאַצט מיט אַ געלעכטער.
8912946	Creo que soy muy loco.	8913900	איך מיין, אַז איך בין גאַנץ משוגע.
5779571	Los veganos huelen mejor.	8915368	וועגאַנער שמעקן בעסער.
1307912	Soy vegano.	8915363	איך בין אַ וועגאַנער.
5016764	Sangraba.	8913602	איך האָב געבלוטיקט.
330632	Su mujer es francesa.	8916352	זײַן פֿרוי איז אַ פֿרענצויזקע.
330632	Su mujer es francesa.	8916351	זײַן פֿרוי איז אַ פֿרענצויזין.
330632	Su mujer es francesa.	8916349	זײַן ווײַב איז אַ פֿרענצויזין.
330632	Su mujer es francesa.	8916347	זײַן ווײַב איז אַ פֿרענצויזקע.
997717	Él es francés.	8916225	ער איז אַ פֿראַנצויז.
5755796	Es francés.	8916225	ער איז אַ פֿראַנצויז.
1401236	Es francesa.	8916227	זי איז אַ פֿראַנצויזקע.
905897	Ella es francesa.	8916227	זי איז אַ פֿראַנצויזקע.
5755813	¿Es difícil el francés?	8916229	צי איז פֿראַנצייזיש שווער?
6586329	Quiero un gatito.	8917847	איך וויל אַ קעצל.
5824517	Ha nacido un gatito.	8917842	אַ קעצל איז געבוירן געוואָרן.
6731401	El gatito se murió.	8917814	די קעצל איז געשטאָרבן.
6731401	El gatito se murió.	8917813	דאָס קעצל איז געשטאָרבן.
4482682	A Tom le gustan los gatitos.	8917808	טאָם האָט ליב קעצלעך.
4482682	A Tom le gustan los gatitos.	8917805	טאָם געפֿעלן קעצלעך.
4482682	A Tom le gustan los gatitos.	8917803	טאָמען געפֿעלן קעצלעך.
2351600	No soy un héroe.	8918870	איך בין נישט קיין העלד.
2174584	Tengo algunos libros.	8921756	איך האָב עטלעכע ביכלעך.
4565894	Yo tengo unos cuantos libros.	8921756	איך האָב עטלעכע ביכלעך.
1258554	Tengo unos cuantos libros.	8921756	איך האָב עטלעכע ביכלעך.
1258554	Tengo unos cuantos libros.	8922690	איך האָב אַ פּאָר ביכער.
8923502	¿Dijiste dieciocho u ochenta?	8923582	צי האָסטו געזאָגט אַכצן אָדער אַכציק?
8923530	¿Dijiste noventa o diecinueve?	8923581	צי האָסטו געזאָגט נײַנציק אָדער נײַנצן?
6726950	Tom es francés.	8916344	טאָם איז אַ פֿראַנצויז.
384866	Tom es un amigo mío.	8923473	טאָם איז אַ חבֿר מײַנער.
699078	Tom es amigo mío.	8923473	טאָם איז אַ חבֿר מײַנער.
3762679	La vida es un misterio.	8554303	דאָס לעבן איז אַ מיסטעריע.
2908672	Yo hablo alemán.	8929612	איך רעד דײַטש.
1337143	¡Andá a cagar!	8075080	גיי קאַקן אויפֿן ים!
8927628	¿Dinero u oro?	8933493	צי האָסטו געזאָגט געלט צי גאָלד?
1914548	El agua no está fría.	8936088	דאָס וואַסער איז נישט קאַלט.
959207	¿Eres mago?	8939928	צי ביסטו אַ מכשף?
7982809	Cuando las ranas críen pelo.	8939316	ווען ס'וועט זײַן דרײַ טעג ראש־⁠חודש.
7982811	Cuando paguen a los bomberos.	8939316	ווען ס'וועט זײַן דרײַ טעג ראש־⁠חודש.
8942826	Soy el diablo.	8942819	איך בין דער שׂטן.
5024717	Tomás odia a los extranjeros.	8945100	טאָם האָט פֿײַנט אויסלענדער.
5024719	Tomás es un xenófobo.	8452390	טאָם איז קסענאָפֿאָביש.
2812730	No le gusto a nadie.	8947552	קיינעם געפֿעל איך נישט.
2102165	Nadie me ama.	8947452	קיינער האָט מיך נישט ליב.
1392717	Nadie me quiere.	8947452	קיינער האָט מיך נישט ליב.
2812730	No le gusto a nadie.	8947452	קיינער האָט מיך נישט ליב.
8948728	Los cerdos son más inteligentes que los perros y los gatos.	8892063	חזירים זענען קליגער ווי הינט און קעץ.
8949428	Los sobreviviremos.	8286575	מיר וועלן זיי איבערלעבן.
5147635	Tomás no estaba borracho.	8951193	טאָם איז נישט געווען שיכּור.
8952757	Si Ivanka no fuera mi hija, quizás estaría saliendo con ella.	8890048	ווען איוואַנקע איז נישט מײַן טאָכטער, וואָלט איך אפֿשר אַרויסגעגאַנגען מיט איר.
8953441	Tengo un instinto natural para la ciencia.	8916929	איך האָב אַ נאַטירלעכן אינסטינקט פֿאַר דער וויסנשאַפֿט.
8953455	Nadie sabía que la asistencia sanitaria podría ser tan complicada.	8913238	קיינער האָט נישט געוווּסט, אַז געזונט־אָפּהיט קען זײַן אַזוי קאָמפּליצירט.
8953462	Lo llamo el super-duper-misil.	8916064	איך רוף אים דער סופּער־דופּער־מיסל.
8953472	Un día, como un milagro, desaparecerá.	8771369	אַ מאָל — ס׳איז ווי אַ נס — וועט עס נעלם ווערן.
8953725	El judaísmo es lindo.	8510664	ייִדישקייט איז שיין.
8953741	El judaísmo es bello.	8510664	ייִדישקייט איז שיין.
2084359	El perro murió.	8953622	דער הונט איז געשטאָרבן.
5239056	¡No entiendo nada!	8955292	איך פֿאַרשטיי גאָרנישט!
8955312	Lo que están viendo y lo que están leyendo no es lo que está pasando.	8923404	דאָס וואָס איר זעט און דאָס וואָס איר לייענט איז נישט דאָס וואָס פּאַסירט.
8955321	No asumo ninguna responsabilidad.	8765749	איך נעם נישט קיין שום אחריות.
8955230	Los borrachos y los niños no mienten.	8955454	שיכּורים און קינדער זאָגן נישט קיין ליגן.
8956169	Tengo las mejores palabras.	8338075	איך האָב די בעסטע ווערטער.
8956169	Tengo las mejores palabras.	8338074	כ׳האָב די בעסטע ווערטער.
538954	El perro es el mejor amigo del hombre.	8954113	דער הונט איז דער מענטשנס בעסטער חבֿר.
2127373	Es enorme.	8952031	דאָס איז ריזיק.
8977862	¿Cómo se dice esto en yidis?	8938408	ווי זאָגט מען דאָס אויף ייִדיש?
8977868	¿Cómo se dice eso en yidis?	8938408	ווי זאָגט מען דאָס אויף ייִדיש?
1914581	¿Ves a mi padre?	8496626	צי זעסטו מײַן טאַטן?
1661406	Estoy llamando a mi padre.	8979964	איך קלינג מײַן טאַטן.
8986373	Tom no es socialista.	8986154	טאָם איז נישט קיין סאָציאַליסט.
8990030	Queremos una solución pacífica.	8991043	מיר ווילן אַ פֿרידלעכע לייזונג.
1300787	Mi padre está en el garaje.	8993569	מײַן טאַטע איז אין גאַראַזש.
8995463	El pueblo quiere derribar el régimen.	8986302	דאָס פֿאָלק וויל איבערקערן די רעזשים.
1535476	Es magia.	8996189	ס׳איז כּישוף.
9004607	Karl Marx mató a mi papá.	9004120	קאַרל מאַרקס האָט געהרגעט מײַן טאַטן.
9004892	Tom no es anarquista.	8987174	טאָם איז נישט קיין אַנאַרכיסט.
2177235	Conozco al padre de Mary.	9006926	איך קען דעם טאַטן פֿון מערי.
2177235	Conozco al padre de Mary.	9006925	איך קען מעריס טאַטן.
9008245	El mundo es un pueblo.	9007989	די וועלט איז אַ דאָרף.
9008245	El mundo es un pueblo.	9009850	די וועלט איז אַ פֿאָלק.
7950151	Mary es antisemita.	9009290	מערי איז אַן אַנטיסעמיטקע.
7950151	Mary es antisemita.	9009289	מערי איז אַנטיסעמיטיש.
483251	El baguette es francés.	9004883	דער באַגעט איז פֿראַנצייזיש.
1574817	Ellos están leyendo su libro.	9012960	זיי לייענען איר בוך.
463191	Ellas están leyendo su libro.	9012960	זיי לייענען איר בוך.
2223618	Tenemos que hacerlo ahora.	9013038	מיר דאַרפֿן עס איצט טאָן.
2223618	Tenemos que hacerlo ahora.	9013039	מיר מוזן עס איצט טאָן.
1125237	"Puedo cambiar." "No quiero que cambies."	9013146	„איך קען זיך בײַטן.‟ - „איך וויל נישט, אַז דו זאָלסט זיך בײַטן.‟
734249	Me duelen los ojos.	9014624	מײַנע אויגן טוען וויי.
2905875	El gatito quería entrar.	8918381	דאָס קעצל האָט געוואָלט אַרײַנקומען.
5668384	Sé que Tom está cansado.	9029968	איך ווייס אַז טאָם איז מיד.
1306117	Tom es un hombre de palabra.	9031103	טאָם איז אַ וואָרטסמאַן.
5177149	Si yo fuera rico haría lo mismo que hago ahora: nada.	9036806	ווען איך בין רײַך, וואָלט איך געמאַכט דאָס זעלביקע וואָס איך מאַך איצט: גאָרנישט.
1624808	No tengo hogar.	9033067	כ׳בין היימלאָז.
3191898	¡Soy un genio!	9033034	כ׳בין אַ גאון!
9053346	Al carajo con Trump.	9053884	אין דר׳ערד אַרײַן מיט טראָמפּען.
9053346	Al carajo con Trump.	9053885	אין דר׳ערד אַרײַן מיט טראָמפּ.
8837471	Todos los gatos son hermosos.	8350984	אַלע קעץ זענען שיין.
8837471	Todos los gatos son hermosos.	7085588	אַלע קעץ זײַנען שיין.
9071555	Ustedes son los demonios.	9071370	איר זענט די שדים.
9068723	Tatoeba es un ejemplo de ayuda mutua.	7040365	טאַ‎טאָ‎עבע איז אַ משל אויף קעגנזײַטיקער הילף.
1167721	Tom es un refugiado.	9074829	טאָם איז אַ פּליט.
1133987	La individualidad es muy importante en Occidente.	9076991	אינדיווידועלקייט איז זייער וויכטיק אין מערבֿ.
4623190	Su lengua materna es el ruso.	8736712	איר מוטער־שפּראַך איז רוסיש.
126566	No sé dónde vive.	9082800	איך ווייס נישט, וווּ ער וווינט.
3127561	Ella es una mujer.	9083330	זי איז אַ פֿרוי.
1342967	Eres una mujer.	1560570	דו ביסט אַ פֿרױ.
578630	En el principio creó Dios los cielos y la tierra.	9087031	אין אָנהייב האָט גאָט באַשאַפֿן דעם הימל און די ערד.
1048539	Al principio Dios creó el cielo y la tierra.	9087031	אין אָנהייב האָט גאָט באַשאַפֿן דעם הימל און די ערד.
1216408	En el principio Dios creó los cielos y la tierra.	9087031	אין אָנהייב האָט גאָט באַשאַפֿן דעם הימל און די ערד.
7949312	En el principio creó Dios el cielo y la tierra.	9087031	אין אָנהייב האָט גאָט באַשאַפֿן דעם הימל און די ערד.
695390	No matarás.	9091011	זאָלסט ניט הרגען.
2747399	¿No estás de acuerdo, Tom?	9094048	צי ביסטו נישט מסכּים, טאָם?
9098384	¿Te vas a callar, hombre?	9098418	דו וועסט פֿאַרמאַכן דײַן פּיסק שוין, ברודערקע?
9099789	Sigue cotorreando, hombre.	9099930	פּלאַפּל ווײַטער, חבֿ‏ר.
8805666	¿Por qué odias a los Estados Unidos?	9101345	פֿאַרוואָס האָסטו פֿײַנט אַמעריקע?
2436015	Tom es agresivo.	9107321	טאָם איז אַגרעסיוו.
3793034	No hablamos francés.	9107399	מיר רעדן נישט פֿראַנצייזיש.
456286	Bésame el culo.	9119814	קוש מיר אין תּחת.
8082379	"Seréis para mí un reino de sacerdotes y una nación santa." Éstas son las palabras que has de decir a los israelitas.	9122710	און איר וועט מיר זײַן אַ קיניגרײַך פֿון כּהנים, און אַ הייליק פֿאָלק. דאָס זײַנען די ווערטער וואָס דו זאָלסט רעדן צו די קינדער פֿון ישׂראל.
9126672	Donald Trump es un pedazo de mierda.	9110582	דאָנאַלד טראָמפּ איז אַ שטיק דרעק.
8761789	¡Liberen a Bolivia!	9140901	באַפֿרײַט באָליוויע!
434627	¿Hablas chino?	9144739	צי רעדסטו כינעזיש?
835120	¿Habla usted chino?	9144740	צי רעדט איר כינעזיש?
9148584	No todas las rosas son rojas.	9150198	נישט אַלע רויזן‎ זענען רויט.
9149254	Los perros son criaturas nobles.	9150429	הינט זענען נאָבעלע באַשעפֿענישן.
8787059	¡Liberad a Cataluña!	9152360	באַפֿרײַט קאַטאַלאָניע!
9151496	Rojo, amarillo y azul son colores.	9152387	רויט, געל און בלאָ זענען קאָלירן.
9151496	Rojo, amarillo y azul son colores.	9152392	רויט, געל און בלאָ זענען פֿאַרבן.
1705458	¿Quién necesita preguntas retóricas?	9154162	ווער דאַרף רעטאָרישע פֿראַגעס?
3562699	Tienes un problema.	9159733	דו האָסט אַ פּראָבלעם.
1325900	La abeja salió por la ventana.	9159800	די בין איז אַרויסגעפֿלויגן פֿון דער פֿענצטער.
1656329	Estamos aquí.	9159846	מיר זענען דאָ.
1656329	Estamos aquí.	9159847	מיר זײַנען דאָ.
4505732	Tom empezó a leer.	9187612	טאָם האָט אָנגעהויבן לייענען.
4505733	Tom comenzó a leer.	9187612	טאָם האָט אָנגעהויבן לייענען.
1019258	Él no te entiende.	9161896	ער פֿאַרשטייט דיך נישט.
2183961	No te entiende.	9161896	ער פֿאַרשטייט דיך נישט.
796853	¡Mi cuchara es demasiado grande!	9210715	מײַן לעפֿל איז צו גרויס!
5052858	Me ataron.	9214300	זיי האָבן מיך צוגעבונדן.
7148852	Esto es un cuchillo.	9216510	דאָס איז אַ מעסער.
1592900	Estamos aprendiendo español.	9246974	מיר לערנען זיך שפּאַניש.
6001506	Aprendemos español.	9246974	מיר לערנען זיך שפּאַניש.
855231	La ballena no es un pez, sino un mamífero.	9256231	דער וואַלפֿיש איז נישט קיין פֿיש, נאָר אַ זויגער.
5067893	Finlandia no es una utopía.	9258221	פֿינלאַנד איז נישט קיין אוטאָפּיע.
5067893	Finlandia no es una utopía.	9258229	פֿינלאַנד איז נישט קיין גן־עדן אויף דער וועלט.
4702551	Misión superada.	9261970	שליחות דורכגעפֿירט.
6685627	No he dicho nada.	9282125	כ׳האָב גאָרנישט געזאָגט.
2019427	No dije nada.	9282125	כ׳האָב גאָרנישט געזאָגט.
2084656	No quiero quedarme acá.	9283399	איך וויל דאָ נישט בלײַבן.
9346381	Tom es un hombre y yo soy una mujer.	9346205	טאָם איז אַ מאַנסביל, און איך בין אַ פֿרוי.
9346381	Tom es un hombre y yo soy una mujer.	9346175	טאָם איז אַ מאַן, און איך בין אַ פֿרוי.
339837	Me duele la cabeza.	9352548	דער קאָפּ טוט מיר וויי.
436630	Tengo dolor de cabeza.	9352548	דער קאָפּ טוט מיר וויי.
9353139	Tom bebe café instantáneo.	9353162	טאָם טרינקט תּיכּף־⁠קאַווע.
9353139	Tom bebe café instantáneo.	9353157	טאָם טרינקט גיכע קאַווע.
502366	¿Qué es el amor?	8617403	וואָס איז ליבע?
9365729	Amo los gatitos.	9365723	כ׳האָב ליב קעצלעך.
9365729	Amo los gatitos.	9365812	כ׳האָב ליב קעצעלעך.
1013884	Estoy en casa.	9367483	איך בין בײַ זיך.
509442	La religión es el opio del pueblo.	9373170	די רעליגיע איז דער אָפּיום פֿונעם פֿאָלק.
1585303	Tom está en casa.	9365763	טאָם איז אין דער היים.
1981286	¿Tengo razón?	9379672	צי בין איך גערעכט?
9382435	¿Los odias tanto?	9382469	צי האָסטו זיי אַזוי פֿיל פֿײַנט?
463019	Las mujeres están trabajando.	9399019	די פֿרויען אַרבעטן.
9407822	Epstein no se suicidó.	9408027	עפּשטיין האָט זיך נישט געהרגעט.
9408204	Epstein no se mató.	9408027	עפּשטיין האָט זיך נישט געהרגעט.
6864200	Un oso mató a Tom.	8366847	אַ בער האָט געהרגעט טאָמען.
5809733	Tom comprendió a Mary.	8107723	טאָם האָט פֿאַרשטאַנען מאַריען.
1248561	Es simple.	9417302	ס׳איז פּשוט.
1475368	Tom vive en Gales.	9418742	טאָם וווינט אין װײלז.
9420069	En el principio, Tom creó Boston y Australia.	9404712	אין אָנהייב האָט טאָם באַשאַפֿן באָסטאָן און אויסטראַליע.
4076847	¿Dónde está el martillo?	9431394	וווּ איז דער האַמער?
3195891	Coge mi caballo.	9439856	נעם מײַן פֿערד.
4988369	¡Contesta!	9439904	ענטפֿער!
2224933	Tom está muy enfermo.	9443253	טאָם איז זייער קראַנק.
5214207	¿Cuando?	9443620	ווען?
6063593	¿Cuándo?	9443620	ווען?
4869850	¡Yo!	9445071	איך!
1007443	¿Por qué estamos aquí?	9446654	פֿאַרוואָס זענען מיר דאָ?
9446767	No creo en la hipnosis.	9447462	איך גלייב נישט אין היפּנאָז.
9446657	¿Qué es el Area 51?	9451260	וואָס איז „עריע פֿיפֿטי-וואָן“?
8885871	Esta caja está muy pesada.	9451973	דאָס קעסטל איז זייער שווער.
5715420	Esta caja es muy pesada.	9451973	דאָס קעסטל איז זייער שווער.
2532719	Está aquí.	9452392	ער איז דאָ.
2532719	Está aquí.	9452415	ס׳איז דאָ.
2532719	Está aquí.	9452422	זי איז דאָ.
3203297	Ella está aquí.	9452422	זי איז דאָ.
9456194	Ella es búlgara.	9456225	זי איז אַ בולגאַרין.
9456194	Ella es búlgara.	9456226	זי איז אַ בולגאַרקע.
5566216	Practico judo.	9457405	איך טרעניר זיך אין דזשודאָ‎.
9458720	¿Dónde está Cabilia?	9458707	וווּ איז קאַביליע?
9458728	"¿Cómo es el francés de Tom?" "Bastante bueno."	9458745	„ווי איז טאָמס פֿראַנצייזיש?״ – „גאַנץ גוט.״
3463191	Usted es especial.	9463542	איר זענט ספּעציעל.
3250807	Mi perro está limpio.	9463725	מײַן הינטל איז ריין.
3250807	Mi perro está limpio.	9463729	מײַן הונט איז ריין.
2726569	¿Qué hacemos aquí?	9463986	וואָס טוען מיר דאָ?
7558417	¿Qué estamos haciendo aquí?	9463986	וואָס טוען מיר דאָ?
9466242	No hay zorros aquí.	9464824	ס׳איז נישטאָ דאָ קיין פֿוקסן.
8955220	Tom enseña a los niños francés.	9475456	טאָם לערנט פֿראַנצייזיש מיט די קינדער.
8955220	Tom enseña a los niños francés.	9475458	טאָם לערנט פֿראַנצייזיש מיט קינדער.
9475601	No es inteligente.	9475595	ער איז נישט קלוג.
9475601	No es inteligente.	9475593	זי איז נישט קלוג.
9475599	Ella no es inteligente.	9475593	זי איז נישט קלוג.
1215730	Hace buen tiempo.	9475721	ס׳איז אַ שיינער וועטער.
2676439	Está haciendo buen tiempo.	9475721	ס׳איז אַ שיינער וועטער.
5027580	Tomás es joven e ingenuo.	9476533	טאָם איז יונג און נאַיִוו.
1278813	Tom quiere ser exitoso.	9476723	טאָם וויל זײַן געראָטן.
1278813	Tom quiere ser exitoso.	9476731	טאָם וויל זײַן אַ מוצלח.
9476902	Tom es mi hijo mayor.	9476895	טאָם איז מײַן בכור.
9476903	Tom es mi primogénito.	9476906	טאָם איז מײַן ערשטע קינד.
9477535	¿Qué es una pandemia?	9477515	וואָס איז אַ פּאַנדעמיע?
9478262	El español y el italiano son muy similares.	9476520	שפּאַניש און איטאַליעניש זענען זייער ענלעך.
1504447	Él me respeta.	9478299	ער האָט דרך־ארץ פֿאַר מיר.
4509817	La casa de Tom tiene tres habitaciones.	9478567	טאָמס הויז האָט דרײַ צימערן.
598209	El león es un animal.	9478899	דער לייב איז אַ חיה.
2857560	Un león es un animal.	9478897	אַ לייב איז אַ חיה.
580911	¿Hablas alemán?	9480771	צי רעדסטו דײַטש?
522399	¿Habla usted alemán?	9480772	צי רעדט איר דײַטש?
2304533	¿Habláis alemán?	9480772	צי רעדט איר דײַטש?
1284308	Tom es muy viejo.	9481041	טאָם איז זייער אַלט.
1530523	¿Hablas holandés?	9481604	צי רעדסטו האָלענדיש?
1530525	¿Habla holandés?	9481605	צי רעדט איר האָלענדיש?
1530526	¿Hablan holandés?	9481605	צי רעדט איר האָלענדיש?
9482054	Soy un gato de ciencia.	9031209	איך בין אַ קאַץ פֿון וויסנשאַפֿט.
598219	La rosa pertenece a Teodoro.	9483172	די רויז געהערט טעאָדאָרן.
615573	Mi padre está sano.	9483258	דער טאַטע איז געזונט.
598227	El padre está sano.	9483258	דער טאַטע איז געזונט.
728861	Mi padre está en buen estado de salud.	9483258	דער טאַטע איז געזונט.
1691221	Un niño no es una persona madura.	9484604	אַ קינד איז נישט קיין רײַפֿער מענטש.
9484533	Mi padre me dio un pequeño préstamo de un millón de dólares.	9484737	מײַן טאַטע האָט מיר געגעבן אַ קליינע הלוואה פֿון מיליאָן דאָלאַר.
609674	Ya no llora el niño.	9488190	דאָס קינד וויינט שוין נישט.
9484325	Yo soy el presidente de los Estados Unidos. Nunca le hables así al presidente.	9488509	איך בין דער פּרעזידענט פֿון די פֿאַראייניקטע שטאַטן. רעד נישט קיין מאָל אַזוי צום פּרעזידענט.
8955312	Lo que están viendo y lo que están leyendo no es lo que está pasando.	9489253	וואָס איר זעט און וואָס איר לייענט איז נישט וואָס פּאַסירט.
8955312	Lo que están viendo y lo que están leyendo no es lo que está pasando.	9489374	וואָס איר זעט און לייענט איז נישט וואָס פּאַסירט.
9489410	Muchos enemigos atacaron Roma.	9489391	אַ סך שׂונאים זענען באַפֿאַלן רוים.
1408294	Somos personas.	9495230	מיר זענען מענטשן.
757857	Somos humanos.	9495230	מיר זענען מענטשן.
2914137	Somos seres humanos.	9495230	מיר זענען מענטשן.
1198059	Nosotros somos humanos.	9495230	מיר זענען מענטשן.
9487964	¡Amo Tejas!	9496514	איך האָב ליב טעקסאַס!
9487964	¡Amo Tejas!	9496543	כ׳האָב ליב טעקסאַס!
7160338	El micrófono nuevo va mejor.	9504853	דער נײַער מיקראָפֿאָן אַרבעט בעסער.
7160338	El micrófono nuevo va mejor.	9504863	דער נײַער מיקראָפֿאָן גייט בעסער.
7160338	El micrófono nuevo va mejor.	9504858	דער נײַער מיקראָפֿאָן פֿונקציאָנירט בעסער.
5057164	Nos vamos a caminar.	9504882	מיר וועלן גיין.
1881118	Quiero un cachorro.	9505181	איך וויל אַ הינטעלע.
652393	Siempre dice lo mismo.	9513821	ער זאָגט תּמיד דאָס זעלבע.
652393	Siempre dice lo mismo.	9513827	ער זאָגט שטענדיק דאָס זעלבע.
652393	Siempre dice lo mismo.	9513831	ער זאָגט אַלע מאָל דאָס זעלבע.
937841	Llamadme Ishmael.	9515245	רופֿט מיך ישמעאל.
3227066	Llámeme Ismael.	9515245	רופֿט מיך ישמעאל.
969658	Llámame Ishmael.	9515443	רוף מיך ישמעאל.
6403991	Soy búlgaro.	9516004	איך בין אַ בולגאַר.
2874601	Esos son mis zapatos.	9517485	יענע זענען מײַנע שיך.
1327635	La chica está sola.	9517929	די בחורטע איז עלנט.
2117864	Me empecé a preparar.	9519369	איך האָב אָנגעהויבן זיך צוגרייטן.
2117866	Empecé a preparame.	9519369	איך האָב אָנגעהויבן זיך צוגרייטן.
9519743	Nuestro hijo mayor se llama Tom.	9519749	אונדזער בכור הייסט טאָם.
803643	De acuerdo.	9522467	מסכּים.
378279	Estoy de acuerdo.	9522502	איך בין מסכּים.
2842	Yo estoy de acuerdo.	9522502	איך בין מסכּים.
4557272	Tom estuvo de acuerdo.	9522605	טאָם האָט מסכּים געווען.
1165816	Tom estaba impresionado.	9522637	טאָם איז נתפּעל געוואָרן.
5020881	Tomás quedo impresionado.	9522637	טאָם איז נתפּעל געוואָרן.
9524539	Tom me robó los zapatos.	9521725	טאָם האָט געגנבֿעט מײַנע שיך.
9477136	Quiero conversar con ella acerca de mi futuro.	9524542	איך וויל רעדן מיט איר וועגן מײַן צוקונפֿט.
9477136	Quiero conversar con ella acerca de mi futuro.	9524543	איך וויל רעדן מיט איר וועגן מײַן עתיד.
9524682	Tom no tiene televisión.	9525496	טאָם האָט נישט קיין טעלעוויזאָר.
9530185	Si no me puedes ver, no te puedo ver.	9529472	אױב דו קענסט מיך נישט זען, קען איך דיך אויך נישט זען.
972276	Ella lo admiraba.	9531691	זי האָט אים באַוווּנדערט.
9532908	Creemos que el Kabyle es un idioma y no un dialecto.	9532930	מיר האַלטן קאַביליש פֿאַר אַ שפּראַך און נישט קיין דיאַלעקט.
912827	Cada gato tiene su propia personalidad.	9533737	יעדע קאַץ האָט איר אייגענע‎ פּערזענלעכקייט.
1852257	Gracias por el regalo que le hiciste a mi hijo.	9536159	אַ דאַנק פֿאַר דער מתּנה וואָס דו האָסט געגעבן מײַן זון.
8965519	¿Existe un dios?	9537001	צי איז פֿאַראַן אַ גאָט?
8965519	¿Existe un dios?	9537012	צי איז דאָ אַ גאָט?
600457	Mucho gusto.	9538393	זייער אײַנגענעם.
456636	Encantado.	9538393	זייער אײַנגענעם.
536849	Encantado de conocerte.	9538393	זייער אײַנגענעם.
456638	Encantada de conocerte.	9538393	זייער אײַנגענעם.
456640	Encantado de conocerlo.	9538393	זייער אײַנגענעם.
578847	No hay nada nuevo bajo el sol.	9545846	אין כּל חדש תּחת השמש.
578847	No hay nada nuevo bajo el sol.	9545947	ניטאָ קיין נײַס אונטער דער זון.
3893227	No soy húngaro.	8454013	כ'בין נישט קיין אונגאַר.
2500146	Laurie tiene veinte años.	9548252	לאָרי איז צוואַנציק יאָר אַלט.
2132230	Es difícil de decir.	9549913	ס׳איז שווער צו זאָגן.
9443859	Las ranas comen moscas.	9553254	זשאַבעס עסן פֿליגן.
9553780	"Buenas noches, Tom." "Buenas noches, Mary."	9553732	„אַ גוטע נאַכט, טאָם.” ― „אַ גוט יאָר, מערי.”
9553788	Buenas noches, Tatoeba.	9553718	אַ גוטע נאַכט, טאַטאָעבאַ.
1567446	¡Trabajadores de todos los países, uníos!	8453665	אַרבעטער פֿון אַלע לענדער, פֿאַראײניקט זיך!
9432139	Tom vendrá.	9557756	טאָם וועט קומען.
4491298	¿Tienes un cuchillo?	9560052	האָסט אַ מעסער?
4491298	¿Tienes un cuchillo?	9560053	צי האָסטו אַ מעסער?
4491298	¿Tienes un cuchillo?	9560054	דו האָסט אַ מעסער?
9518851	No puedes negar la verdad.	9570780	דו קענסט נישט אָפּלייקענען דעם אמת.
9518887	¿Por qué no quiso venir Tom?	9570809	פֿאַרוואָס האָט טאָם נישט געוואָלט קומען?
700154	¡Qué bello pájaro es!	9574444	אַזאַ שיינער פֿויגל!
4797544	La gente es tan estúpida.	9574981	מענטשן זענען אַזוי נאַריש.
4797544	La gente es tan estúpida.	8606553	דער עולם איז אַ גולם.
1748284	Me siento fatal.	9583059	כ׳פֿיל זיך שרעקלעך.
9583135	Soy tan fuerte como Sansón.	9583102	כ׳בין שטאַרק ווי שמשון הגיבור.
436132	¿Qué tal?	8826427	וואָס טוט זיך?
9464328	Erdogan es el presidente de Turquía.	9583346	ערדאָאַן איז דער פּרעזידענט פֿון טערקײַ.
1698571	No es un truco.	9583372	ס׳איז נישט קיין טריק.
2789755	Lo que es mío es tuyo.	9584576	דאָס וואָס איז מײנס איז דײַנס.
9584844	Sami no tenía un cepillo de dientes.	9584843	סאַמי האָט נישט געהאַט קיין ציינבערשטל.
9511376	Tom aún estaba vivo.	9584877	טאָם איז נאָך געווען בײַם לעבן.
687363	¿Qué le pasa?	9585620	וואָס טוט זיך מיט אים?
9585674	No estoy muerto.	9585406	כ׳בין נישט טויט.
9585674	No estoy muerto.	9585408	איך בין נישט טויט.
9585673	No estoy muerta.	9585406	כ׳בין נישט טויט.
9585673	No estoy muerta.	9585408	איך בין נישט טויט.
556221	Su historia es verdadera.	9587479	זײַן מעשׂה איז אמת.
9584835	La familia de Tom está en Australia.	9587520	טאָמס משפּחה איז אין אויסטראַליע.
7852196	Un lobo está aullando.	9589848	אַ וואָלף ווויעט.
7852196	Un lobo está aullando.	9589849	אַ וואָלף וואויעט.
7852196	Un lobo está aullando.	9589859	ס׳ווויעט אַ וואָלף.
7852196	Un lobo está aullando.	9589862	ס׳וואויעט אַ וואָלף.
2109030	Todos los franceses usan boina.	9590152	אַלע פֿראַנצויזן טראָגן בערעטן.
9593900	Tom construyó una cometa.	9593910	טאָם האָט געבויט אַ פֿלישלאַנג.
2409258	¿Tom está enfermo?	9593991	צי איז טאָם קראַנק?
2409258	¿Tom está enfermo?	9593993	טאָם איז קראַנק?
9594109	Tom es traductor.	8657834	טאָם איז אַן איבערזעצער.
1327907	Es inevitable.	9611267	מע קען עס נישט אויסמײַדן.
1136464	Ella es agente del FBI.	9615365	זי איז אַן עף־⁠בי־⁠אײַ־⁠אַגענטקע.
1230817	Se parece a un pato.	9630510	ס׳זעט אויס ווי אַ קאַטשקע.
569583	No tiene muchos amigos.	9630599	זי האָט נישט קיין סך חבֿרים.
569583	No tiene muchos amigos.	9631354	ער האָט נישט קיין סך חבֿרים.
577102	En el vino está la verdad.	9632518	וואָס בײַ אַ ניכטערן אויף דער לונג איז בײַ אַ שיכּורן אויף דער צונג.
2416409	Se sentía un poco cansado.	9636037	ער האָט זיך געפֿילט אַ ביסל מיד.
8557953	Ella se sintió un poco cansada.	9636080	זי האָט זיך געפֿילט אַ ביסל מיד.
927671	Ella se sentía un poco cansada.	9636080	זי האָט זיך געפֿילט אַ ביסל מיד.
9634617	Se sentía un poco cansada.	9636080	זי האָט זיך געפֿילט אַ ביסל מיד.
2216888	Nevó en Jerusalén.	9637262	ס׳האָט געשנייט אין ירושלים.
4525489	Yo hablo lituano.	9638177	איך רעד ליטוויש.
4525487	Hablo lituano.	9638177	איך רעד ליטוויש.
4525487	Hablo lituano.	9638176	כ׳רעד ליטוויש.
2486306	Tom siempre está sonriendo.	9639524	טאָם שמייכלט שטענדיק.
9637452	Mis padres viven en Australia.	9640575	מײַנע עלטערן וווינען אין אויסטראַליע.
9637452	Mis padres viven en Australia.	9640577	מײַנע טאַטע־מאַמע וווינען אין אויסטראַליע.
9637452	Mis padres viven en Australia.	9640579	מײַנע עלטערן וואוינען אין אויסטראַליע.
9637452	Mis padres viven en Australia.	9640580	מײַנע טאַטע־מאַמע וואוינען אין אויסטראַליע.
1262198	Odio la hipocresía.	9640622	כ׳האָב פֿײַנט די היפּאָקריטישקייט.
2409192	Detesto la hipocresía.	9640622	כ׳האָב פֿײַנט די היפּאָקריטישקייט.
8006375	Mary no puede tener hijos.	9650473	מערי קען נישט האָבן קיין קינדער.
8006374	Mary no puede tener niños.	9650473	מערי קען נישט האָבן קיין קינדער.
9658487	Vivimos en una sociedad.	8643353	אונז לעבן אין א געזעלשאפט.
9658487	Vivimos en una sociedad.	7968754	מיר לעבן אין אַ געזעלשאַפֿט.
8804656	El perro no está durmiendo.	9661066	דאָס הינטל שלאָפֿט נישט.
9660771	El perro no duerme.	9661066	דאָס הינטל שלאָפֿט נישט.
9660771	El perro no duerme.	9661063	דער הונט שלאָפֿט נישט.
8804656	El perro no está durmiendo.	9661063	דער הונט שלאָפֿט נישט.
1304019	Somos el 99%.	9663076	מיר זענען די 99%.
1754026	¿Dónde has aprendido francés?	9667979	וווּ האָסטו זיך געלערנט פֿראַנצייזיש?
2185061	¿Dónde aprendiste francés?	9667979	וווּ האָסטו זיך געלערנט פֿראַנצייזיש?
9667690	¿Dónde aprendiste latín?	9667984	וווּ האָסטו זיך געלערנט לאַטײַן?
9672299	Tom vive en el campo.	9672310	טאָם וווינט אין דאָרף.
3186579	Me gustan las mariposas.	9672771	כ׳האָב ליב פֿלאַטערל⁠עך.
3187537	Me encantan las mariposas.	9672771	כ׳האָב ליב פֿלאַטערל⁠עך.
9672687	Quiero ir a España.	9672901	כ׳וויל פֿאָרן קיין שפּאַניע.
505670	Ella habla diez lenguas.	9673546	זי רעדט צען שפּראַכן.
9676267	Mary no es muy amistosa.	9676266	מערי איז נישט זייער חבֿריש.
9676264	Tom no es muy amistoso.	9676265	טאָם איז נישט זייער חבֿריש.
9676554	Hablaban un idioma que no reconocí.	9676074	זיי האָבן גערעדט אַ שפּראַך וואָס איך האָב נישט דערקענט.
9676554	Hablaban un idioma que no reconocí.	9677424	זיי האָבן גערעדט אַ לשון וואָס איך האָב נישט דערקענט.
1673432	Tom decidió convertirse en vegetariano.	9677611	טאָם האָט באַשלאָסן צו ווערן אַ וועגעטאַריער.
436594	Me siento bien.	8102642	איך פֿיל זיך גוט.
2110505	Me siento enferma.	9680170	איך פֿיל זיך קראַנק.
2110504	Me siento enfermo.	9680170	איך פֿיל זיך קראַנק.
812488	Me siento culpable.	9680188	איך פֿיל זיך שולדיק.
9681675	Todos los perros son buenos perros.	9650246	אַלע הינט זענען גוטע הינט.
929642	No se puede confiar en los políticos.	9681682	מע קען נישט געטרויען קיין פּאָליטיקערס.
9653812	¡Deja de ser tan lindo!	9683800	הער אויף צו זײַן אַזוי חנעוודיק!
1119469	El amor es una mierda.	9688136	די ליבע איז דרעק.
9043814	A nadie le importa tu conciencia.	9688158	דײַן געוויסן אַרט נישט קיינעם.
4429631	Donde hay humo, hay fuego.	9689256	דאָרט וווּ ס׳איז אַ רויך, איז אַ פֿײַער אויך.
1599015	No hay humo sin fuego.	9689256	דאָרט וווּ ס׳איז אַ רויך, איז אַ פֿײַער אויך.
9653812	¡Deja de ser tan lindo!	9694152	הער אויף צו זײַן אַזוי זיס!
1153709	Las flores son amarillas.	9694675	די בלומען זענען געל.
5752598	Voy a ir a Boston.	9694975	איך וועל פֿאָרן קיין באָסטאָן.
9674412	Vivimos en universos distintos.	9695372	מיר לעבן אין אַנדערע אוניווערסן.
9674411	Vivimos en universos diferentes.	9695372	מיר לעבן אין אַנדערע אוניווערסן.
9696078	Nadie sabe que soy gay.	9696075	קיינער ווייס נישט, אַז איך בין גיי.
9696078	Nadie sabe que soy gay.	9696074	קיינער ווייס נישט, אַז איך בין געי.
9694481	María es una bruja.	9696125	מערי איז אַ כּישוף־מאַכערין.
9694481	María es una bruja.	9696128	מערי איז אַ מכשפֿה.
9696603	La flor es amarilla.	9696611	די בלום איז געל.
9700436	Mi marido es panadero.	9700641	מײַן מאַן איז אַ בעקער.
1831928	Ayer no comí.	9700694	כ׳האָב נעכטן נישט געגעסן.
8118954	¿Por qué estoy tan cansada?	9705548	פֿאַרוואָס בין איך אַזוי מיד?
2223586	¿Por qué estoy tan cansado?	9705548	פֿאַרוואָס בין איך אַזוי מיד?
3274297	María no está enferma.	9706803	מערי איז נישט קראַנק.
3274297	María no está enferma.	9706813	מערי איז ניט קראַנק.
1412670	¡Viva el esperanto!	9707168	לעבן זאָל עספּעראַנטאָ!
332230	¡Feliz cumpleaños!	9707176	ביז הונדערט און צוואַנציק!
7748530	Viva Maduro.	9707177	לעבן זאָל מאַדוראָ!
569589	¡Viva la República!	9707179	לעבן זאָל די רעפּובליק!
611200	¡Que viva la República!	9707179	לעבן זאָל די רעפּובליק!
9707502	Tom es el líder de Antifa.	8808465	טאָם איז דער אָנפֿירער פֿון אַנטיפֿאַ.
9140864	Ambos son gays, pero no son una pareja.	9707507	ביידע זענען געי, אָבער נישט קיין פּאָרל.
9140864	Ambos son gays, pero no son una pareja.	9707509	ביידע זענען גיי, אָבער נישט קיין פּאָרל.
345538	Eso no tiene nada que ver conmigo.	9709327	דאָס האָט גאָר נישט צו טאָן מיט מיר.
343790	Esto no tiene ninguna relación conmigo.	9709327	דאָס האָט גאָר נישט צו טאָן מיט מיר.
6731400	No dejes salir al gato.	9710088	לאָז נישט אַרויס די קאַץ.
6601745	Esto no es tuyo.	9712087	דאָס איז נישט דײַנס.
6601746	Éste no es el tuyo.	9712087	דאָס איז נישט דײַנס.
5755657	¿Eres realmente canadiense?	9712126	דו ביסט טאַקע אַ קאַנאַדער?
5755657	¿Eres realmente canadiense?	9712125	דו ביסט טאַקע אַ קאַנאַדערין?
9711918	Siempre te diré la verdad.	9712579	כ׳וועל דיר תּמיד זאָגן דעם אמת.
9713633	Quítate los jeans.	9713629	טו אויס דײַנע דזשינס.
9713644	Quítate los pantalones de mezclilla.	9713629	טו אויס דײַנע דזשינס.
6612092	El sueño es necesario para la vida.	9713730	דער שלאָף איז לעבנס־וויכטיק.
3547123	Hace un frío glacial.	9713881	ס׳איז אײַז קאַלט.
631777	Hace un frío que pela.	9713879	ס׳איז ביטער קאַלט.
1795237	¡Viva el caos!	9714218	לעבן זאָל דער תּוהו־ובֿוהו!
1795237	¡Viva el caos!	9714219	לעבן זאָל דער כאַאָס!
4623179	El árabe es una hermosa lengua.	9714291	אַראַביש איז אַ שיינע שפּראַך.
9683391	¿Hay terremotos en Marte?	9715703	פֿאַראַן ערד־⁠ציטערנישן אויף מאַרס?
4398474	Yo sé lo que pasó.	9716041	איך ווייס, וואָס איז געשען.
4398475	Yo sé lo que ha pasado.	9716041	איך ווייס, וואָס איז געשען.
5056400	Las bacterias son microorganismos.	9717115	באַקטעריעס זענען מיקראָאָרגאַניזמען.
9717827	La pobreza no debería existir.	9715688	די אָרעמקייט זאָל נישט עקסיסטירן.
3438268	No soy conservador.	9712114	כ׳בין נישט קיין קאָנסערוואַטיווער.
1287141	¡Imbécil!	9723891	נאַר איינער!
1705599	El galés es una bella lengua.	9726093	וועלשיש איז אַ שיינע שפּראַך.
2717712	El irlandés es un idioma hermoso.	9726098	איריש איז אַ שיינע שפּראַך.
558585	¿Hablas hebreo?	9733787	צי רעדסטו העברעיִש?
9736328	La vida en prisión es una muerte lenta.	9736358	דאָס לעבן אין דער תּפֿיסה איז אַ פּאַמעלעכער טויט.
2378858	Yo también lo pienso.	9736599	איך מײן אױך אַזױ.
1486533	Yo pienso igual.	9736599	איך מײן אױך אַזױ.
6706954	Yo también pienso eso.	9736599	איך מײן אױך אַזױ.
6706959	Yo también pienso así.	9736599	איך מײן אױך אַזױ.
9736626	Tom es un lobo.	9439926	טאָם איז אַ וואָלף.
3254475	Dios está en todas partes.	9736994	גאָט איז אומעטום.
3786306	Los koalas son monos.	9737781	קאָאַלעס זענען זיס.
5897211	Los patitos son lindos.	9737795	קאַטשקעלעך זענען זיס.
9736899	Mi padre no es tan rico como mi abuelo.	9737809	מײַן טאַטע איז נישט אַזוי רײַך ווי מײַן זיידע.
9736918	Tom está sentado entre sus amigos.	9737813	טאָם זיצט צווישן זײַנע חבֿרים.
816096	Alexander murió en Babilonia.	9738991	אלכּסנדר מוקדון איז געשטאָרבן אין בבֿל.
9738431	Es más viejo que YouTube.	9739593	ס׳איז עלטער ווי יוטוב.
9738431	Es más viejo que YouTube.	9739594	ער איז עלטער ווי יוטוב.
9740663	No soy un gato.	8613446	כ'בין נישט קיין קאָטער.
9740663	No soy un gato.	8613445	כ'בין נישט קיין קאַץ.
9741594	Soy Tom, el jardinero.	9672377	כ׳בין טאָם, דער גערטנער.
1287163	¡No te metas!	9749260	מיש זיך נישט!
3966118	Tom es zurdo.	9750008	טאָם איז געלינקט.
2266200	No dijo la verdad.	9750049	זי האָט נישט געזאָגט דעם אמת.
2266200	No dijo la verdad.	9750046	ער האָט נישט געזאָגט דעם אמת.
9763058	No hablo esperanto.	9763326	איך רעד נישט קיין עספּעראַנטאָ.
3534010	Soy mucho mayor que tú.	9764405	כ׳בין אַ סך עלטער ווי דו.
5393904	Ellas no comen nada.	9765726	זיי עסן גאָרנישט.
5393903	Ellos no comen nada.	9765726	זיי עסן גאָרנישט.
5393905	No comen nada.	9765726	זיי עסן גאָרנישט.
7750291	Danos un segundo.	9766015	גיב אונדז אַ סעקונדע.
4349746	Él come como un puerco.	9766715	ער פֿרעסט ווי אַ חזיר.
1286953	Come como un cerdo.	9766715	ער פֿרעסט ווי אַ חזיר.
2002202	¿Los gatos sueñan?	9769628	קעץ חלומען?
2002202	¿Los gatos sueñan?	9769625	צי חלומען קעץ?
1556805	El gobierno japonés tomó una importante decisión.	9770748	די יאַפּאַנישע רעגירונג האָט אָנגענומען אַ וויכטיקן באַשלוס.
9772040	El profesor de portugués es muy exigente.	9772337	דער לערער פֿון פּאָרטוגעזיש פֿאָדערט אַ סך.
9748046	No soy un canguro.	9743587	כ׳בין נישט קיין קענגורו.
9767353	Tengo la intención de abolir la esclavitud.	9739724	כ׳האָב בדעה בטל צו מאַכן דאָס שקלאַפֿערײַ.
9767353	Tengo la intención de abolir la esclavitud.	9739723	כ׳האָב בדעה בטל צו מאַכן די קנעכטשאַפֿט.
5014496	María es feminista.	9774676	מערי איז אַ פֿעמיניסטקע.
9443868	Odiamos a Tom.	9775397	מיר האָבן פֿײַנט געהאַט טאָמען.
9443868	Odiamos a Tom.	9775412	מיר האָבן פֿײַנט טאָמען.
580186	Ella es una mujer rica.	9775906	‪.זי איז אַ גבֿירטע
580186	Ella es una mujer rica.	9775914	זי איז אַ רײַכע.
580186	Ella es una mujer rica.	9775919	זי איז אַ רײַכע פֿרוי.
2689906	Quiero ayudaros.	9777478	איך וויל אײַך העלפֿן.
2090165	Quiero ayudarte.	9777479	איך וויל דיך העלפֿן.
4798085	Tom cree en Dios.	9788585	טאָם גלייבט אין גאָט.
2451702	Estoy aprendiendo francés.	9795231	איך לערן זיך פֿראַנצייזיש.
9800739	¡Déjame morir!	9803856	לאָמיך שטאַרבן!
1194230	Déjame morir.	9803858	לאָמיך שטאַרבן.
8464272	Los resultados se antojan prometedores.	9806021	די רעזולטאַטן זעען אויס פֿיל צוזאָגנדיק.
3007	El hombre propone, Dios dispone.	9234347	דער מענטש טראַכט און גאָט לאַכט.
1644474	El hombre propone y Dios dispone.	9234347	דער מענטש טראַכט און גאָט לאַכט.
9676040	Tom se droga.	9808004	טאָם נאַרקאָטעוועט.
9676041	Tom consume drogas.	9808004	טאָם נאַרקאָטעוועט.
9672687	Quiero ir a España.	9808661	איך וויל פֿאָרן קיין שפּאַניע.
1443714	Yo lo uso.	9812567	איך נוץ עס.
1110840	Seré una buena chica.	9813581	כ׳וועל זײַן אַ גוט מיידל.
4030086	No te invité.	9814247	כ׳האָב דיך נישט אײַנגעלאַדן.
9757372	La luna no existe.	9378673	די לבֿנה עקסיסטירט נישט.
1771519	El gato está jugando con los niños.	9816682	די קאַץ שפּילט זיך מיט די קינדער.
3995530	Dios me creó.	9820166	גאָט האָט מיך באַשאַפֿן.
2342013	No hablan inglés.	9821789	זיי רעדן נישט קיין ענגליש.
9829609	Los verdaderos judíos son los judíos.	9391223	די אמתדיקע ייִדן זענען די ייִדן.
9830372	¿Hablas ido?	9830438	צי רעדסטו אידאָ?
4824889	Como peras.	9831828	איך עס באַרן.
2188272	Esta pera está verde.	9831833	דאָס באַר איז גרין.
941381	¿Entendieron?	9835091	צי האָט איר פֿאַרשטאַנען?
6688525	¿Entendisteis?	9835091	צי האָט איר פֿאַרשטאַנען?
2444358	¿Entendió?	9835091	צי האָט איר פֿאַרשטאַנען?
6688547	¿Habéis comprendido?	9835091	צי האָט איר פֿאַרשטאַנען?
989540	¿Entendiste?	9835220	צי האָסטו פֿאַרשטאַנען?
6688527	¿Has entendido?	9835220	צי האָסטו פֿאַרשטאַנען?
8781893	¡Salve Satán!	9835291	לויבט שׂטן!
8781892	¡Salve Satanás!	9835291	לויבט שׂטן!
2769301	No fue mi culpa.	9837438	ס׳איז נישט געווען מײַן שולד.
4935371	Yo soy Ricardo.	9837922	כ׳בין ריקאַרדאָ.
3344351	Soy Ricardo.	9837922	כ׳בין ריקאַרדאָ.
4179582	Eres libre.	9837555	דו ביסט פֿרײַ.
1116013	¿Ella puede tocar la guitarra?	9842318	זי קען שפּילן אױף דער גיטאַר?
1116011	¿Ella sabe tocar la guitarra?	9842318	זי קען שפּילן אױף דער גיטאַר?
1116013	¿Ella puede tocar la guitarra?	9842327	זי קען שפּילן גיטאַר?
1116011	¿Ella sabe tocar la guitarra?	9842327	זי קען שפּילן גיטאַר?
2045423	Es nuestra vecina.	9842758	זי איז אונדזער שכנטע.
712045	Ella es nuestra vecina.	9842758	זי איז אונדזער שכנטע.
2038365	Ella me preguntó si conocía su dirección.	9844125	זי האָט מיך געפֿרעגט, צי איך קען זײַן אַדרעס.
5876192	¿Quieres mi dirección de correo electrónico?	9844137	דו ווילסט מײַן בליצפּאָסט־אַדרעס?
5876192	¿Quieres mi dirección de correo electrónico?	9844141	דו ווילסט מײַן אימייל?
9159839	¿Qué es la libertad?	9844719	וואָס איז די פֿרײַהייט?
2711406	Estoy en el hospital.	9846929	כ׳בין אין שפּיטאָל.
5968649	Mi alemán es terrible.	9847231	מײַן דײַטש איז שרעקלעך.
9848705	Un mundo mejor para las mujeres es un mundo mejor para todos.	9849315	אַ בעסערע וועלט פֿאַר פֿרויען איז אַ בעסערע וועלט פֿאַר אַלעמען.
2217434	Tom nos va a perdonar.	9849401	טאָם וועט אונדז מוחל זײַן.
3034986	Están muertos.	9851874	זיי זענען טויט.
1044959	La capital de Polonia es Varsovia.	9851791	די הױפּטשטאָט פֿון פּוילן איז וואַרשע.
1901134	Esta es tu última oportunidad.	9853462	דאָס איז דײַן לעצטער שאַנס.
409564	¿Qué es la felicidad?	9853527	וואָס איז די פֿרייד?
409564	¿Qué es la felicidad?	9853528	וואָס איז דאָס גליק?
1449185	¿Tienes pesadillas?	9859724	דו לײַדסט אויף קאָשמאַרן?
2456062	Vivimos en la era de la información.	9865767	מיר לעבן אין דער אינפֿאָרמאַציע־תּקופֿה.
5023389	El rosa es para las nenas.	9867217	ראָזע איז פֿאַר מיידלעך.
4621447	No la veo.	9867819	כ׳זע זי נישט.
4621447	No la veo.	9867818	איך זע זי נישט.
4637565	Sos importante.	9867917	דו ביסט וויכטיק.
2223583	Eres importante.	9867917	דו ביסט וויכטיק.
1854790	El perro quiere salir.	9869058	דער הונט וויל אַרויסגיין.
1854790	El perro quiere salir.	9869060	דאָס הינטל וויל אַרויסגיין.
1854790	El perro quiere salir.	9869057	דער הונט וויל אַרויס.
1854790	El perro quiere salir.	9869056	דאָס הינטל וויל אַרויס.
9869960	Todas somos madres.	9869927	מיר זענען אַלע מאַמעס.
9870643	Algunas tradiciones son tontas.	9842526	עטלעכע טראַדיציעס זענען נאַריש.
854039	Eso es totalmente mentira.	9871081	ס׳איז אַ שװא־⁠ושקר.
854039	Eso es totalmente mentira.	9871078	ס׳איז אַ שקר־⁠וכּזבֿ.
2036589	El ladrón admitió su culpa.	9871143	דער גנבֿ האָט זיך מודה געווען אין זײַן שולד.
